Rk,Player,Pos,Age,Tm,G,GS,MP,FG,FGA,FG%,3P,3PA,3P,2P,2PA,2P,eFG%,FT,FTA,FT%,ORB,DRB,TRB,AST,STL,BLK,TOV,PF,PTS
1,Arron Afflalo,SG,24,DEN,82,75,2221,272,585,0.465,108,249,0.434,164,336,0.488,0.557,72,98,0.735,59,193,252,138,46,30,74,225,724
2,Alexis Ajinca,C,21,CHA,6,0,30,5,10,0.5,0,0,,5,10,0.5,0.5,0,1,0,1,3,4,0,1,1,2,5,10
3,LaMarcus Aldridge,PF,24,POR,78,78,2922,579,1169,0.495,5,16,0.313,574,1153,0.498,0.497,230,304,0.757,192,435,627,160,67,48,104,231,1393
4,Joe Alexander,SF,23,CHI,8,0,29,1,6,0.167,0,1,0,1,5,0.2,0.167,2,3,0.667,2,3,5,2,1,1,0,9,4
5,Malik Allen,PF,31,DEN,51,3,456,46,116,0.397,1,6,0.167,45,110,0.409,0.401,12,13,0.923,36,46,82,16,11,5,22,68,105
6,Ray Allen,SG,34,BOS,80,80,2819,464,973,0.477,145,399,0.363,319,574,0.556,0.551,231,253,0.913,45,208,253,210,64,25,129,182,1304
7,Tony Allen,SG,28,BOS,54,8,889,129,253,0.51,0,5,0,129,248,0.52,0.51,72,119,0.605,52,93,145,72,59,19,66,109,330
8,Rafer Alston,PG,33,TOT,52,38,1421,155,446,0.348,58,168,0.345,97,278,0.349,0.413,59,81,0.728,13,116,129,176,50,10,95,103,427
8,Rafer Alston,PG,33,NJN,27,13,766,95,277,0.343,28,87,0.322,67,190,0.353,0.394,44,54,0.815,9,66,75,104,27,5,61,50,262
8,Rafer Alston,PG,33,MIA,25,25,655,60,169,0.355,30,81,0.37,30,88,0.341,0.444,15,27,0.556,4,50,54,72,23,5,34,53,165
9,Louis Amundson,PF,27,PHO,79,0,1168,152,276,0.551,0,1,0,152,275,0.553,0.551,67,123,0.545,128,218,346,31,24,73,57,169,371
10,Chris Andersen,PF,31,DEN,76,0,1695,142,251,0.566,0,3,0,142,248,0.573,0.566,164,236,0.695,147,336,483,33,42,143,59,171,448
11,David Andersen,C,29,HOU,63,0,891,147,340,0.432,27,78,0.346,120,262,0.458,0.472,46,67,0.687,54,154,208,44,15,12,37,119,367
12,Antonio Anderson,SF,24,OKC,1,0,15,1,3,0.333,0,0,,1,3,0.333,0.333,0,0,,1,0,1,0,0,0,1,1,2
13,Ryan Anderson,PF,21,ORL,63,6,911,169,388,0.436,78,211,0.37,91,177,0.514,0.536,71,82,0.866,70,132,202,37,25,14,56,81,487
14,Carmelo Anthony,SF,25,DEN,69,69,2634,688,1502,0.458,59,187,0.316,629,1315,0.478,0.478,508,612,0.83,152,302,454,222,88,30,209,225,1943
15,Joel Anthony,C,27,MIA,80,16,1322,76,159,0.478,0,0,,76,159,0.478,0.478,66,92,0.717,123,126,249,12,20,109,45,158,218
16,Gilbert Arenas,PG,28,WAS,32,32,1169,253,616,0.411,63,181,0.348,190,435,0.437,0.462,153,207,0.739,17,116,133,230,41,9,117,95,722
17,Trevor Ariza,SF,24,HOU,72,71,2629,394,999,0.394,136,407,0.334,258,592,0.436,0.462,148,228,0.649,78,325,403,276,126,40,161,162,1072
18,Hilton Armstrong,PF-C,25,TOT,33,0,335,28,79,0.354,0,1,0,28,78,0.359,0.354,15,32,0.469,27,54,81,21,15,12,22,59,71
18,Hilton Armstrong,PF,25,NOH,18,0,239,19,50,0.38,0,0,,19,50,0.38,0.38,13,28,0.464,17,44,61,16,8,8,13,44,51
18,Hilton Armstrong,C,25,SAC,6,0,56,4,12,0.333,0,0,,4,12,0.333,0.333,2,2,1,5,9,14,2,2,4,4,5,10
18,Hilton Armstrong,C,25,HOU,9,0,40,5,17,0.294,0,1,0,5,16,0.313,0.294,0,2,0,5,1,6,3,5,0,5,10,10
19,Carlos Arroyo,PG,30,MIA,72,35,1585,178,375,0.475,7,25,0.28,171,350,0.489,0.484,76,90,0.844,26,104,130,225,36,6,54,102,439
20,Darrell Arthur,PF,21,MEM,32,1,457,63,146,0.432,0,1,0,63,145,0.434,0.432,17,30,0.567,37,73,110,15,14,14,22,60,143
21,Chucky Atkins,PG,35,DET,40,11,644,57,157,0.363,22,73,0.301,35,84,0.417,0.433,25,27,0.926,5,24,29,91,17,0,32,53,161
22,D.J. Augustin,PG,22,CHA,80,2,1472,168,435,0.386,70,178,0.393,98,257,0.381,0.467,102,131,0.779,11,86,97,193,45,5,74,127,508
23,Jeff Ayres,C,22,POR,39,4,405,43,65,0.662,0,0,,43,65,0.662,0.662,18,20,0.9,25,73,98,1,7,16,12,76,104
24,Kelenna Azubuike,SF,26,GSW,9,7,231,48,88,0.545,10,27,0.37,38,61,0.623,0.602,19,28,0.679,12,29,41,10,5,9,7,16,125
25,Renaldo Balkman,SF,25,DEN,13,1,91,6,18,0.333,0,7,0,6,11,0.545,0.333,2,6,0.333,4,19,23,7,8,2,6,16,14
26,Marcus Banks,PG,28,TOR,22,0,244,39,73,0.534,7,24,0.292,32,49,0.653,0.582,24,29,0.828,3,20,23,26,12,2,20,30,109
27,Leandro Barbosa,PG,27,PHO,44,5,786,155,365,0.425,44,136,0.324,111,229,0.485,0.485,64,73,0.877,11,58,69,64,23,12,46,71,418
28,Jose Barea,PG,25,DAL,78,18,1546,232,527,0.44,56,157,0.357,176,370,0.476,0.493,76,90,0.844,17,129,146,258,35,6,102,119,596
29,Andrea Bargnani,PF,24,TOR,80,80,2799,537,1143,0.47,121,325,0.372,416,818,0.509,0.523,181,234,0.774,105,388,493,93,25,111,120,215,1376
30,Matt Barnes,SF,29,ORL,81,58,2097,271,557,0.487,66,207,0.319,205,350,0.586,0.546,108,146,0.74,106,339,445,134,59,30,112,185,716
31,Earl Barron,C,28,NYK,7,6,232,30,68,0.441,0,0,,30,68,0.441,0.441,22,29,0.759,31,46,77,8,4,4,11,24,82
32,Brandon Bass,PF,24,ORL,50,3,648,119,233,0.511,0,0,,119,233,0.511,0.511,52,63,0.825,54,73,127,19,12,27,31,69,290
33,Tony Battie,C,33,NJN,15,0,134,14,40,0.35,1,4,0.25,13,36,0.361,0.363,7,10,0.7,4,19,23,3,4,2,3,19,36
34,Shane Battier,SG,31,HOU,67,62,2168,178,447,0.398,101,279,0.362,77,168,0.458,0.511,77,106,0.726,74,238,312,164,53,76,64,139,534
35,Nicolas Batum,SF,21,POR,37,25,918,139,268,0.519,54,132,0.409,85,136,0.625,0.619,43,51,0.843,32,109,141,44,24,25,27,83,375
36,Jerryd Bayless,SG,21,POR,74,11,1304,200,483,0.414,29,92,0.315,171,391,0.437,0.444,201,242,0.831,18,102,120,172,26,5,94,152,630
37,Michael Beasley,PF,21,MIA,78,78,2328,468,1040,0.45,28,102,0.275,440,938,0.469,0.463,192,240,0.8,123,375,498,100,80,49,131,221,1156
38,Rodrigue Beaubois,PG,21,DAL,56,16,700,155,299,0.518,45,110,0.409,110,189,0.582,0.594,42,52,0.808,12,66,78,74,29,12,54,84,397
39,Marco Belinelli,SG,23,TOR,66,1,1121,154,379,0.406,60,158,0.38,94,221,0.425,0.485,101,121,0.835,14,81,95,89,42,5,60,80,469
40,Charlie Bell,SG,30,MIL,71,39,1611,169,443,0.381,73,200,0.365,96,243,0.395,0.464,48,67,0.716,31,101,132,104,39,12,54,136,459
41,Raja Bell,SG,33,TOT,6,5,180,28,61,0.459,12,27,0.444,16,34,0.471,0.557,3,3,1,5,18,23,13,4,2,5,15,71
41,Raja Bell,SG,33,CHA,5,5,157,24,55,0.436,9,24,0.375,15,31,0.484,0.518,3,3,1,5,16,21,10,4,2,5,13,60
41,Raja Bell,SG,33,GSW,1,0,23,4,6,0.667,3,3,1,1,3,0.333,0.917,0,0,,0,2,2,3,0,0,0,2,11
42,Jonathan Bender,SF,29,NYK,25,1,292,40,100,0.4,14,39,0.359,26,61,0.426,0.47,24,26,0.923,15,37,52,16,2,17,28,33,118
43,Mike Bibby,PG,31,ATL,80,80,2195,268,644,0.416,126,324,0.389,142,320,0.444,0.514,68,79,0.861,20,164,184,310,67,3,90,157,730
44,Andris Biedrins,C,23,GSW,33,29,763,81,137,0.591,0,0,,81,137,0.591,0.591,4,25,0.16,63,196,259,57,20,44,32,117,166
45,Chauncey Billups,PG,33,DEN,73,73,2490,402,962,0.418,157,407,0.386,245,555,0.441,0.499,466,512,0.91,25,203,228,409,82,9,177,153,1427
46,DeJuan Blair,PF,20,SAS,82,23,1494,275,495,0.556,0,2,0,275,493,0.558,0.556,88,161,0.547,200,326,526,65,50,39,112,224,638
47,Steve Blake,PG,29,TOT,80,38,2159,217,522,0.416,116,294,0.395,101,228,0.443,0.527,36,48,0.75,21,166,187,380,58,6,128,123,586
47,Steve Blake,PG,29,POR,51,28,1397,143,355,0.403,78,207,0.377,65,148,0.439,0.513,24,32,0.75,15,103,118,203,37,2,65,84,388
47,Steve Blake,PG,29,LAC,29,10,762,74,167,0.443,38,87,0.437,36,80,0.45,0.557,12,16,0.75,6,63,69,177,21,4,63,39,198
48,Andray Blatche,PF,23,WAS,81,36,2256,478,999,0.478,13,44,0.295,465,955,0.487,0.485,174,234,0.744,158,351,509,170,85,71,182,218,1143
49,Keith Bogans,SF,29,SAS,79,50,1559,120,298,0.403,70,196,0.357,50,102,0.49,0.52,37,50,0.74,25,151,176,95,45,12,53,156,347
50,Andrew Bogut,C,25,MIL,69,69,2229,473,910,0.52,0,2,0,473,908,0.521,0.52,149,237,0.629,208,493,701,127,39,175,131,222,1095
51,Matt Bonner,PF,29,SAS,65,8,1161,166,372,0.446,90,231,0.39,76,141,0.539,0.567,35,48,0.729,52,162,214,68,30,24,39,109,457
52,Josh Boone,PF,25,NJN,63,28,1045,117,223,0.525,0,0,,117,223,0.525,0.525,19,58,0.328,124,191,315,29,30,48,37,111,253
53,Carlos Boozer,PF,28,UTA,78,78,2673,617,1098,0.562,0,0,,617,1098,0.562,0.562,285,384,0.742,181,693,874,247,84,36,212,270,1519
54,Chris Bosh,C,25,TOR,70,70,2526,600,1158,0.518,8,22,0.364,592,1136,0.521,0.522,470,590,0.797,205,554,759,166,43,68,169,170,1678
55,Ryan Bowen,SF,34,OKC,1,0,8,1,1,1,0,0,,1,1,1,1,2,2,1,1,1,2,0,1,0,0,2,4
56,Earl Boykins,PG,33,WAS,67,1,1117,172,403,0.427,19,60,0.317,153,343,0.446,0.45,77,89,0.865,17,58,75,171,24,3,69,48,440
57,Elton Brand,PF,30,PHI,76,57,2297,412,858,0.48,0,1,0,412,857,0.481,0.48,172,233,0.738,179,282,461,109,82,80,131,232,996
58,Corey Brewer,SG,23,MIN,82,82,2482,409,949,0.431,82,237,0.346,327,712,0.459,0.474,166,256,0.648,70,209,279,193,117,29,164,224,1066
59,Ronnie Brewer,SG,24,TOT,58,53,1742,209,429,0.487,8,31,0.258,201,398,0.505,0.497,85,133,0.639,45,142,187,154,91,15,53,80,511
59,Ronnie Brewer,SG,24,UTA,53,53,1662,206,416,0.495,8,31,0.258,198,385,0.514,0.505,81,128,0.633,44,136,180,151,85,15,51,80,501
59,Ronnie Brewer,SG,24,MEM,5,0,80,3,13,0.231,0,0,,3,13,0.231,0.231,4,5,0.8,1,6,7,3,6,0,2,0,10
60,Primoz Brezec,C,30,TOT,21,0,95,9,26,0.346,0,0,,9,26,0.346,0.346,1,6,0.167,12,13,25,1,1,3,2,19,19
60,Primoz Brezec,C,30,PHI,7,0,36,2,13,0.154,0,0,,2,13,0.154,0.154,1,2,0.5,6,6,12,0,1,1,0,9,5
60,Primoz Brezec,C,30,MIL,14,0,59,7,13,0.538,0,0,,7,13,0.538,0.538,0,4,0,6,7,13,1,0,2,2,10,14
61,Jon Brockman,PF,22,SAC,52,4,654,55,103,0.534,0,0,,55,103,0.534,0.534,37,62,0.597,105,108,213,22,15,5,23,115,147
62,Aaron Brooks,PG,25,HOU,82,82,2919,575,1331,0.432,209,525,0.398,366,806,0.454,0.511,245,298,0.822,54,161,215,434,69,14,232,199,1604
63,Bobby Brown,PG,25,TOT,45,0,519,88,237,0.371,26,98,0.265,62,139,0.446,0.426,13,15,0.867,9,29,38,88,15,1,46,42,215
63,Bobby Brown,PG,25,NOH,22,0,328,60,152,0.395,17,66,0.258,43,86,0.5,0.451,8,8,1,1,17,18,46,9,1,24,28,145
63,Bobby Brown,PG,25,LAC,23,0,191,28,85,0.329,9,32,0.281,19,53,0.358,0.382,5,7,0.714,8,12,20,42,6,0,22,14,70
64,Derrick Brown,SF,22,CHA,57,0,535,68,147,0.463,2,7,0.286,66,140,0.471,0.469,48,72,0.667,31,47,78,19,21,10,19,53,186
65,Devin Brown,SG,31,TOT,50,37,1060,136,361,0.377,58,164,0.354,78,197,0.396,0.457,69,86,0.802,29,95,124,65,33,6,62,72,399
65,Devin Brown,SG,31,NOH,39,37,967,128,325,0.394,54,147,0.367,74,178,0.416,0.477,69,86,0.802,27,82,109,58,30,5,57,62,379
65,Devin Brown,SG,31,CHI,11,0,93,8,36,0.222,4,17,0.235,4,19,0.211,0.278,0,0,,2,13,15,7,3,1,5,10,20
66,Kwame Brown,C,27,DET,48,1,660,62,124,0.5,0,1,0,62,123,0.504,0.5,33,98,0.337,53,124,177,22,15,12,43,93,157
67,Shannon Brown,SG,24,LAL,82,7,1700,253,592,0.427,62,189,0.328,191,403,0.474,0.48,99,121,0.818,30,153,183,108,57,31,67,129,667
68,Kobe Bryant,SG,31,LAL,73,73,2835,716,1569,0.456,99,301,0.329,617,1268,0.487,0.488,439,541,0.811,78,313,391,365,113,20,233,187,1970
69,Chase Budinger,SF,21,HOU,74,4,1488,249,565,0.441,92,249,0.369,157,316,0.497,0.522,67,87,0.77,38,182,220,88,34,11,48,85,657
70,Caron Butler,SF-SG,29,TOT,74,74,2783,450,1051,0.428,42,145,0.29,408,906,0.45,0.448,264,315,0.838,104,357,461,156,116,24,160,193,1206
70,Caron Butler,SF,29,WAS,47,47,1853,293,694,0.422,25,95,0.263,268,599,0.447,0.44,185,211,0.877,68,248,316,107,68,15,113,126,796
70,Caron Butler,SG,29,DAL,27,27,930,157,357,0.44,17,50,0.34,140,307,0.456,0.464,79,104,0.76,36,109,145,49,48,9,47,67,410
71,Rasual Butler,SF,30,LAC,82,64,2702,356,870,0.409,145,432,0.336,211,438,0.482,0.493,122,145,0.841,39,201,240,116,36,68,79,121,979
72,Andrew Bynum,C,22,LAL,65,65,1977,392,688,0.57,0,1,0,392,687,0.571,0.57,193,261,0.739,177,364,541,68,35,94,115,193,977
73,Will Bynum,PG,27,DET,63,20,1667,237,534,0.444,12,55,0.218,225,479,0.47,0.455,142,178,0.798,24,118,142,283,55,7,115,143,628
74,Jose Calderon,PG,28,TOR,68,39,1817,274,568,0.482,68,171,0.398,206,397,0.519,0.542,83,104,0.798,23,119,142,404,47,7,99,135,699
75,Marcus Camby,PF-C,35,TOT,74,74,2314,238,501,0.475,2,7,0.286,236,494,0.478,0.477,78,122,0.639,249,622,871,186,95,146,91,161,556
75,Marcus Camby,PF,35,LAC,51,51,1596,166,356,0.466,2,6,0.333,164,350,0.469,0.469,60,91,0.659,166,450,616,151,69,99,64,105,394
75,Marcus Camby,C,35,POR,23,23,718,72,145,0.497,0,1,0,72,144,0.5,0.497,18,31,0.581,83,172,255,35,26,47,27,56,162
76,Brian Cardinal,PF,32,MIN,29,0,267,14,36,0.389,3,9,0.333,11,27,0.407,0.431,17,18,0.944,7,22,29,24,9,3,7,56,48
77,Rodney Carney,SG,25,PHI,68,0,857,113,282,0.401,41,135,0.304,72,147,0.49,0.473,52,63,0.825,26,111,137,37,25,20,21,79,319
78,DeMarre Carroll,SF,23,MEM,71,1,795,88,222,0.396,0,6,0,88,216,0.407,0.396,33,53,0.623,53,97,150,33,28,9,24,107,209
79,Matt Carroll,SG,29,DAL,25,0,121,18,50,0.36,4,19,0.211,14,31,0.452,0.4,6,6,1,4,8,12,6,5,0,7,13,46
80,Anthony Carter,PG,34,DEN,54,7,859,76,181,0.42,17,63,0.27,59,118,0.5,0.467,11,13,0.846,17,72,89,160,39,13,58,72,180
81,Vince Carter,SG,33,ORL,75,74,2310,434,1015,0.428,119,324,0.367,315,691,0.456,0.486,257,306,0.84,33,260,293,236,53,18,106,189,1244
82,Omri Casspi,SF,21,SAC,77,31,1931,300,672,0.446,75,203,0.369,225,469,0.48,0.502,117,174,0.672,75,274,349,95,54,17,98,125,792
83,Mario Chalmers,PG,23,MIA,73,22,1807,182,454,0.401,75,236,0.318,107,218,0.491,0.483,82,110,0.745,25,110,135,246,91,12,123,175,521
84,Tyson Chandler,C,27,CHA,51,27,1163,109,190,0.574,0,0,,109,190,0.574,0.574,115,157,0.732,114,206,320,16,17,55,91,138,333
85,Wilson Chandler,SG,22,NYK,65,64,2320,412,860,0.479,40,150,0.267,372,710,0.524,0.502,129,160,0.806,93,255,348,138,46,49,108,184,993
86,Earl Clark,PF,22,PHO,51,0,383,56,151,0.371,2,5,0.4,54,146,0.37,0.377,26,36,0.722,18,44,62,21,7,13,23,25,140
87,Jarron Collins,C,31,PHO,34,10,261,12,31,0.387,0,0,,12,31,0.387,0.387,10,25,0.4,22,40,62,6,2,3,10,42,34
88,Jason Collins,C,31,ATL,24,0,115,8,23,0.348,0,1,0,8,22,0.364,0.348,0,2,0,5,9,14,4,3,2,5,21,16
89,Mardy Collins,SG,25,LAC,43,0,470,47,128,0.367,4,17,0.235,43,111,0.387,0.383,13,21,0.619,13,37,50,44,23,1,32,45,111
90,Darren Collison,PG,22,NOH,76,37,2109,376,789,0.477,46,115,0.4,330,674,0.49,0.506,148,174,0.851,41,151,192,432,78,4,202,92,946
91,Nick Collison,C,29,OKC,75,5,1557,182,309,0.589,1,4,0.25,181,305,0.593,0.591,74,107,0.692,152,232,384,38,37,48,63,230,439
92,Mike Conley,PG,22,MEM,80,80,2569,369,830,0.445,82,212,0.387,287,618,0.464,0.494,139,187,0.743,30,161,191,425,109,12,170,178,959
93,Will Conroy,PG,27,HOU,5,0,36,3,10,0.3,0,3,0,3,7,0.429,0.3,0,2,0,0,3,3,7,0,0,4,5,6
94,Brian Cook,PF,29,HOU,15,0,44,7,23,0.304,2,9,0.222,5,14,0.357,0.348,5,7,0.714,1,8,9,1,0,2,6,5,21
95,Daequan Cook,SG,22,MIA,45,3,691,81,253,0.32,40,126,0.317,41,127,0.323,0.399,21,25,0.84,9,73,82,43,14,10,24,50,223
96,Jamal Crawford,SG,29,ATL,79,0,2460,496,1105,0.449,163,427,0.382,333,678,0.491,0.523,270,315,0.857,34,167,201,238,61,12,137,132,1425
97,Dante Cunningham,PF,22,POR,63,2,707,106,214,0.495,0,2,0,106,212,0.5,0.495,31,48,0.646,54,106,160,14,24,22,15,97,243
98,Eddy Curry,C,27,NYK,7,0,62,8,21,0.381,0,0,,8,21,0.381,0.381,10,17,0.588,4,9,13,0,0,1,13,13,26
99,JamesOn Curry,PG,24,LAC,1,0,0,0,0,,0,0,,0,0,,,0,0,,0,0,0,0,0,0,0,0,0
100,Stephen Curry,PG,21,GSW,80,77,2896,528,1143,0.462,166,380,0.437,362,763,0.474,0.535,177,200,0.885,48,308,356,472,152,19,243,252,1399
101,Samuel Dalembert,C,28,PHI,82,80,2124,285,523,0.545,0,0,,285,523,0.545,0.545,97,133,0.729,239,545,784,64,42,151,123,252,667
102,Erick Dampier,C,34,DAL,55,47,1280,133,213,0.624,1,3,0.333,132,210,0.629,0.627,61,101,0.604,128,272,400,31,15,77,61,153,328
103,Marquis Daniels,SF,29,BOS,51,4,937,124,249,0.498,6,28,0.214,118,221,0.534,0.51,34,56,0.607,27,68,95,66,27,6,42,91,288
104,Baron Davis,PG,30,LAC,75,73,2523,412,1015,0.406,82,296,0.277,330,719,0.459,0.446,239,291,0.821,52,214,266,598,126,43,211,210,1145
105,Glen Davis,PF,24,BOS,54,1,933,122,279,0.437,0,4,0,122,275,0.444,0.437,96,138,0.696,101,104,205,35,21,14,53,132,340
106,Paul Davis,PF,25,WAS,2,0,8,2,4,0.5,0,0,,2,4,0.5,0.5,1,2,0.5,0,0,0,3,0,1,0,0,5
107,Ricky Davis,SF,30,LAC,36,2,499,62,143,0.434,16,42,0.381,46,101,0.455,0.49,18,31,0.581,10,47,57,39,11,3,29,39,158
108,Austin Daye,SF,21,DET,69,4,915,137,295,0.464,29,95,0.305,108,200,0.54,0.514,46,56,0.821,34,140,174,34,25,26,48,114,349
109,Carlos Delfino,SF,27,MIL,75,66,2279,299,732,0.408,134,365,0.367,165,367,0.45,0.5,93,119,0.782,51,343,394,202,80,21,119,138,825
110,Luol Deng,SF,24,CHI,70,69,2651,473,1014,0.466,32,83,0.386,441,931,0.474,0.482,252,330,0.764,131,381,512,143,66,61,134,129,1230
111,DeMar DeRozan,SG,20,TOR,77,65,1664,255,512,0.498,4,16,0.25,251,496,0.506,0.502,148,194,0.763,66,157,223,53,43,18,62,176,662
112,Boris Diaw,PF,27,CHA,82,82,2906,373,773,0.483,66,206,0.32,307,567,0.541,0.525,113,147,0.769,131,293,424,325,60,57,178,219,925
113,Yakhouba Diawara,SG,27,MIA,6,2,44,2,10,0.2,1,6,0.167,1,4,0.25,0.25,0,0,,1,3,4,3,1,0,3,8,5
114,Travis Diener,PG,27,TOT,9,0,51,2,10,0.2,1,7,0.143,1,3,0.333,0.25,1,4,0.25,0,3,3,8,4,0,0,2,6
114,Travis Diener,PG,27,IND,4,0,25,1,6,0.167,1,5,0.2,0,1,0,0.25,0,2,0,0,2,2,4,3,0,0,1,3
114,Travis Diener,PG,27,POR,5,0,26,1,4,0.25,0,2,0,1,2,0.5,0.25,1,2,0.5,0,1,1,4,1,0,0,1,3
115,DeSagana Diop,C,28,CHA,27,0,262,15,29,0.517,0,0,,15,29,0.517,0.517,2,9,0.222,24,41,65,5,5,14,12,31,32
116,Keyon Dooling,PG,29,NJN,53,8,971,129,324,0.398,59,157,0.376,70,167,0.419,0.489,47,61,0.77,8,46,54,135,34,0,59,82,364
117,Joey Dorsey,PF,26,TOT,15,0,106,9,20,0.45,0,0,,9,20,0.45,0.45,5,12,0.417,16,27,43,2,3,2,6,21,23
117,Joey Dorsey,PF,26,HOU,7,0,54,5,11,0.455,0,0,,5,11,0.455,0.455,1,2,0.5,11,14,25,2,2,1,4,12,11
117,Joey Dorsey,PF,26,SAC,8,0,52,4,9,0.444,0,0,,4,9,0.444,0.444,4,10,0.4,5,13,18,0,1,1,2,9,12
118,Toney Douglas,PG,23,NYK,56,12,1087,179,391,0.458,68,175,0.389,111,216,0.514,0.545,55,68,0.809,40,68,108,112,42,3,55,116,481
119,Chris Douglas-Roberts,SF,23,NJN,67,38,1730,255,573,0.445,14,54,0.259,241,519,0.464,0.457,133,157,0.847,45,153,198,93,55,19,97,101,657
120,Goran Dragic,PG,23,PHO,80,2,1442,222,491,0.452,74,188,0.394,148,303,0.488,0.527,117,159,0.736,38,133,171,241,48,8,126,131,635
121,Jared Dudley,SF,24,PHO,82,1,1991,225,490,0.459,120,262,0.458,105,228,0.461,0.582,104,138,0.754,99,182,281,115,81,16,68,162,674
122,Chris Duhon,PG,27,NYK,67,59,2072,168,451,0.373,90,258,0.349,78,193,0.404,0.472,68,95,0.716,28,150,178,378,59,3,110,83,494
123,Tim Duncan,C,33,SAS,78,77,2438,561,1082,0.518,2,11,0.182,559,1071,0.522,0.519,271,374,0.725,221,567,788,246,45,117,140,152,1395
124,Mike Dunleavy,SF,29,IND,67,15,1486,229,558,0.41,75,236,0.318,154,322,0.478,0.478,133,158,0.842,25,211,236,103,38,15,72,105,666
125,Kevin Durant,SF,21,OKC,82,82,3239,794,1668,0.476,128,351,0.365,666,1317,0.506,0.514,756,840,0.9,105,518,623,231,112,84,271,171,2472
126,Wayne Ellington,SG,22,MIN,76,1,1384,190,448,0.424,64,162,0.395,126,286,0.441,0.496,61,70,0.871,33,126,159,74,20,5,74,72,505
127,Monta Ellis,SG,24,GSW,64,64,2647,631,1406,0.449,77,228,0.338,554,1178,0.47,0.476,292,388,0.753,47,210,257,340,143,25,244,189,1631
128,Francisco Elson,C,33,TOT,12,0,66,5,15,0.333,0,0,,5,15,0.333,0.333,2,5,0.4,6,8,14,2,1,0,1,7,12
128,Francisco Elson,C,33,MIL,11,0,62,4,13,0.308,0,0,,4,13,0.308,0.308,2,2,1,5,8,13,2,1,0,1,7,10
128,Francisco Elson,C,33,PHI,1,0,4,1,2,0.5,0,0,,1,2,0.5,0.5,0,3,0,1,0,1,0,0,0,0,0,2
129,Maurice Evans,SF,31,ATL,79,5,1317,175,393,0.445,57,169,0.337,118,224,0.527,0.518,46,61,0.754,59,95,154,48,34,17,20,125,453
130,Reggie Evans,PF,29,TOR,28,1,311,34,69,0.493,0,0,,34,69,0.493,0.493,27,60,0.45,30,75,105,8,14,4,22,44,95
131,Tyreke Evans,SG,20,SAC,72,72,2677,533,1165,0.458,36,141,0.255,497,1024,0.485,0.473,348,465,0.748,66,314,380,414,109,26,216,204,1450
132,Jordan Farmar,PG,23,LAL,82,0,1474,224,515,0.435,86,229,0.376,138,286,0.483,0.518,57,85,0.671,14,117,131,127,52,11,72,109,591
133,Raymond Felton,PG,25,CHA,80,80,2643,388,846,0.459,60,156,0.385,328,690,0.475,0.494,132,173,0.763,53,235,288,446,123,22,168,172,968
134,Rudy Fernandez,SG,24,POR,62,2,1441,160,423,0.378,98,266,0.368,62,157,0.395,0.494,85,98,0.867,35,129,164,127,62,11,72,87,503
135,Kyrylo Fesenko,C,23,UTA,49,5,408,52,95,0.547,0,1,0,52,94,0.553,0.547,24,57,0.421,33,57,90,15,6,19,24,78,128
136,Michael Finley,SF,36,TOT,46,7,709,81,184,0.44,32,82,0.39,49,102,0.48,0.527,8,15,0.533,6,65,71,43,10,6,21,33,202
136,Michael Finley,SF,36,SAS,25,6,395,37,97,0.381,13,41,0.317,24,56,0.429,0.448,6,9,0.667,5,33,38,19,6,4,13,12,93
136,Michael Finley,SF,36,BOS,21,1,314,44,87,0.506,19,41,0.463,25,46,0.543,0.615,2,6,0.333,1,32,33,24,4,2,8,21,109
137,Derek Fisher,PG,35,LAL,82,82,2227,212,558,0.38,78,224,0.348,134,334,0.401,0.45,113,132,0.856,25,145,170,201,90,9,78,202,615
138,Jonny Flynn,PG,20,MIN,81,81,2339,397,952,0.417,77,215,0.358,320,737,0.434,0.457,223,270,0.826,24,167,191,356,82,2,233,98,1094
139,T.J. Ford,PG,26,IND,47,32,1189,186,418,0.445,8,50,0.16,178,368,0.484,0.455,104,135,0.77,41,108,149,180,44,11,90,102,484
140,Jeff Foster,C,33,IND,16,3,255,22,46,0.478,0,1,0,22,45,0.489,0.478,5,9,0.556,34,47,81,21,3,4,14,45,49
141,Randy Foye,PG,26,WAS,70,38,1667,256,619,0.414,63,182,0.346,193,437,0.442,0.464,129,145,0.89,16,114,130,228,33,10,94,123,704
142,Channing Frye,C,26,PHO,81,41,2190,317,703,0.451,172,392,0.439,145,311,0.466,0.573,98,121,0.81,66,361,427,113,64,74,73,263,904
143,Dan Gadzuric,C,31,MIL,32,6,314,39,89,0.438,0,0,,39,89,0.438,0.438,10,25,0.4,38,54,92,12,9,13,15,63,88
144,Sundiata Gaines,PG,23,UTA,32,0,217,38,82,0.463,7,26,0.269,31,56,0.554,0.506,23,46,0.5,6,23,29,39,12,0,14,17,106
145,Danilo Gallinari,SF,21,NYK,81,74,2747,392,927,0.423,186,488,0.381,206,439,0.469,0.523,251,307,0.818,65,333,398,135,75,58,110,191,1221
146,Francisco Garcia,SG,28,SAC,25,4,575,82,176,0.466,23,59,0.39,59,117,0.504,0.531,15,17,0.882,11,55,66,45,10,19,21,49,202
147,Kevin Garnett,PF,33,BOS,69,69,2060,402,772,0.521,1,5,0.2,401,767,0.523,0.521,185,221,0.837,78,428,506,185,68,57,101,170,990
148,Marc Gasol,C,25,MEM,69,69,2469,378,651,0.581,0,1,0,378,650,0.582,0.581,252,376,0.67,208,432,640,165,69,109,135,254,1008
149,Pau Gasol,C,29,LAL,65,65,2403,452,844,0.536,0,5,0,452,839,0.539,0.536,286,362,0.79,243,491,734,218,37,113,143,152,1190
150,Rudy Gay,SF,23,MEM,80,80,3175,600,1288,0.466,66,202,0.327,534,1086,0.492,0.491,301,400,0.753,115,357,472,153,118,64,169,201,1567
151,Alonzo Gee,SG,22,WAS,11,2,182,28,59,0.475,7,9,0.778,21,50,0.42,0.534,18,29,0.621,15,18,33,7,7,1,10,13,81
152,Devean George,SF,32,GSW,45,4,761,89,206,0.432,48,123,0.39,41,83,0.494,0.549,16,23,0.696,21,93,114,32,41,10,15,89,242
153,Daniel Gibson,PG,23,CLE,56,10,1068,125,268,0.466,71,149,0.477,54,119,0.454,0.599,34,49,0.694,13,60,73,70,25,7,36,79,355
154,Taj Gibson,PF,24,CHI,82,70,2204,311,629,0.494,0,0,,311,629,0.494,0.494,113,175,0.646,226,385,611,70,50,104,114,282,735
155,J.R. Giddens,SF,24,TOT,32,1,239,28,60,0.467,0,10,0,28,50,0.56,0.467,13,23,0.565,16,35,51,13,9,2,17,29,69
155,J.R. Giddens,SF,24,BOS,21,1,99,9,21,0.429,0,2,0,9,19,0.474,0.429,6,12,0.5,4,16,20,6,4,1,7,10,24
155,J.R. Giddens,SF,24,NYK,11,0,140,19,39,0.487,0,8,0,19,31,0.613,0.487,7,11,0.636,12,19,31,7,5,1,10,19,45
156,Trey Gilder,SF,25,MEM,2,0,5,1,1,1,0,0,,1,1,1,1,0,0,,0,1,1,0,1,0,0,0,2
157,Manu Ginobili,SG,32,SAS,75,21,2150,398,903,0.441,132,350,0.377,266,553,0.481,0.514,309,355,0.87,68,216,284,370,103,24,154,154,1237
158,Ryan Gomes,SF,27,MIN,76,64,2210,327,732,0.447,74,199,0.372,253,533,0.475,0.497,104,126,0.825,76,272,348,124,62,16,95,155,832
159,Drew Gooden,C-PF,28,TOT,70,33,1755,288,602,0.478,1,8,0.125,287,594,0.483,0.479,186,216,0.861,207,335,542,47,41,58,108,194,763
159,Drew Gooden,C,28,DAL,46,11,1030,157,336,0.467,1,6,0.167,156,330,0.473,0.469,93,115,0.809,123,193,316,26,26,50,56,129,408
159,Drew Gooden,PF,28,LAC,24,22,725,131,266,0.492,0,2,0,131,264,0.496,0.492,93,101,0.921,84,142,226,21,15,8,52,65,355
160,Ben Gordon,SG,26,DET,62,17,1730,291,699,0.416,75,234,0.321,216,465,0.465,0.47,198,230,0.861,26,93,119,166,49,6,118,147,855
161,Eric Gordon,SG,21,LAC,62,60,2229,352,784,0.449,119,321,0.371,233,463,0.503,0.525,222,299,0.742,25,135,160,186,69,14,144,96,1045
162,Marcin Gortat,C,25,ORL,81,0,1088,121,227,0.533,0,3,0,121,224,0.54,0.533,51,75,0.68,104,237,341,17,17,70,46,138,293
163,Joey Graham,SF,27,DEN,63,18,759,105,202,0.52,2,13,0.154,103,189,0.545,0.525,54,73,0.74,39,84,123,22,23,7,43,104,266
164,Stephen Graham,SG,27,CHA,70,8,804,119,240,0.496,16,50,0.32,103,190,0.542,0.529,42,65,0.646,24,111,135,23,20,10,36,94,296
165,Danny Granger,SF,26,IND,62,62,2278,488,1139,0.428,158,438,0.361,330,701,0.471,0.498,363,428,0.848,67,275,342,171,94,51,157,183,1497
166,Aaron Gray,C,25,TOT,32,0,311,42,82,0.512,0,0,,42,82,0.512,0.512,20,28,0.714,45,61,106,22,9,11,18,54,104
166,Aaron Gray,C,25,CHI,8,0,50,8,21,0.381,0,0,,8,21,0.381,0.381,2,7,0.286,5,11,16,2,0,0,1,10,18
166,Aaron Gray,C,25,NOH,24,0,261,34,61,0.557,0,0,,34,61,0.557,0.557,18,21,0.857,40,50,90,20,9,11,17,44,86
167,Danny Green,SG,22,CLE,20,0,115,15,39,0.385,6,22,0.273,9,17,0.529,0.462,4,6,0.667,8,9,17,5,6,3,5,9,40
168,Jeff Green,PF,23,OKC,82,82,3043,485,1070,0.453,104,312,0.333,381,758,0.503,0.502,165,223,0.74,112,378,490,134,104,72,135,221,1239
169,Willie Green,SG,28,PHI,73,18,1553,248,543,0.457,47,136,0.346,201,407,0.494,0.5,95,114,0.833,20,109,129,152,32,11,67,135,638
170,Donte Greene,SF,21,SAC,76,50,1630,244,553,0.441,69,183,0.377,175,370,0.473,0.504,90,140,0.643,53,181,234,71,41,53,93,150,647
171,Taylor Griffin,SF,23,PHO,8,0,32,4,10,0.4,0,2,0,4,8,0.5,0.4,2,4,0.5,0,2,2,1,0,2,1,4,10
172,Hamed Haddadi,C,24,MEM,36,0,240,24,62,0.387,0,3,0,24,59,0.407,0.387,14,19,0.737,26,49,75,10,1,14,20,57,62
173,Malik Hairston,SG,22,SAS,47,0,317,40,76,0.526,2,11,0.182,38,65,0.585,0.539,17,30,0.567,13,36,49,16,4,9,11,29,99
174,Marcus Haislip,SF,29,SAS,10,0,44,10,21,0.476,3,5,0.6,7,16,0.438,0.548,2,5,0.4,4,6,10,0,0,2,3,5,25
175,Richard Hamilton,SG,31,DET,46,46,1552,293,717,0.409,41,138,0.297,252,579,0.435,0.437,204,241,0.846,30,92,122,202,30,3,115,115,831
176,Tyler Hansbrough,PF,24,IND,29,1,511,81,225,0.36,0,4,0,81,221,0.367,0.36,84,113,0.743,60,78,138,28,17,8,21,70,246
177,James Harden,SG,20,OKC,76,0,1738,233,578,0.403,93,248,0.375,140,330,0.424,0.484,194,240,0.808,47,197,244,137,80,20,106,200,753
178,Al Harrington,PF,29,NYK,72,15,2195,448,1030,0.435,140,409,0.342,308,621,0.496,0.503,240,317,0.757,88,317,405,110,62,26,132,209,1276
179,Devin Harris,PG,26,NJN,64,61,2221,356,884,0.403,60,217,0.276,296,667,0.444,0.437,308,386,0.798,24,179,203,423,79,18,181,178,1080
180,Mike Harris,PF,26,TOT,13,0,96,11,30,0.367,0,1,0,11,29,0.379,0.367,7,11,0.636,10,14,24,3,5,1,9,14,29
180,Mike Harris,PF,26,HOU,8,0,82,10,27,0.37,0,1,0,10,26,0.385,0.37,5,9,0.556,9,11,20,3,4,1,9,10,25
180,Mike Harris,PF,26,WAS,5,0,14,1,3,0.333,0,0,,1,3,0.333,0.333,2,2,1,1,3,4,0,1,0,0,4,4
181,Jason Hart,PG,31,TOT,5,0,22,1,2,0.5,0,0,,1,2,0.5,0.5,0,0,,0,2,2,6,2,1,3,4,2
181,Jason Hart,PG,31,MIN,1,0,5,0,1,0,0,0,,0,1,0,0,0,0,,0,0,0,1,1,0,0,0,0
181,Jason Hart,PG,31,NOH,4,0,17,1,1,1,0,0,,1,1,1,1,0,0,,0,2,2,5,1,1,3,4,2
182,Udonis Haslem,PF,29,MIA,78,0,2177,312,632,0.494,0,0,,312,632,0.494,0.494,147,193,0.762,167,462,629,52,30,23,75,174,771
183,Trenton Hassell,SF,30,NJN,52,31,1106,90,219,0.411,0,5,0,90,214,0.421,0.411,52,69,0.754,56,96,152,50,17,9,47,91,232
184,Spencer Hawes,C,21,SAC,72,59,1904,312,666,0.468,26,87,0.299,286,579,0.494,0.488,73,106,0.689,145,291,436,158,32,83,131,200,723
185,Chuck Hayes,C,26,HOU,82,82,1773,161,329,0.489,0,0,,161,329,0.489,0.489,36,66,0.545,151,314,465,139,73,43,74,219,358
186,Jarvis Hayes,SF,28,NJN,45,19,1033,138,328,0.421,60,179,0.335,78,149,0.523,0.512,14,18,0.778,9,99,108,40,29,9,28,91,350
187,Brendan Haywood,C,30,TOT,77,67,2355,276,491,0.562,0,1,0,276,490,0.563,0.562,152,245,0.62,278,437,715,43,26,158,99,209,704
187,Brendan Haywood,C,30,WAS,49,48,1614,188,335,0.561,0,0,,188,335,0.561,0.561,102,158,0.646,200,307,507,18,18,101,67,145,478
187,Brendan Haywood,C,30,DAL,28,19,741,88,156,0.564,0,1,0,88,155,0.568,0.564,50,87,0.575,78,130,208,25,8,57,32,64,226
188,Luther Head,SG,27,IND,47,10,813,136,311,0.437,37,105,0.352,99,206,0.481,0.497,48,58,0.828,6,74,80,72,18,9,54,53,357
189,Gerald Henderson,SG,22,CHA,43,0,355,37,104,0.356,4,19,0.211,33,85,0.388,0.375,35,47,0.745,15,40,55,13,10,9,14,25,113
190,Roy Hibbert,C,23,IND,81,69,2035,387,782,0.495,3,6,0.5,384,776,0.495,0.497,169,224,0.754,177,287,464,158,30,131,145,285,946
191,J.J. Hickson,PF,21,CLE,81,73,1691,289,522,0.554,0,1,0,289,521,0.555,0.554,111,163,0.681,110,290,400,40,36,39,92,132,689
192,Nene Hilario,C,27,DEN,82,82,2755,421,717,0.587,0,2,0,421,715,0.589,0.587,293,416,0.704,166,461,627,203,115,82,125,281,1135
193,George Hill,PG,23,SAS,78,43,2276,353,738,0.478,75,188,0.399,278,550,0.505,0.529,183,237,0.772,42,163,205,226,69,26,101,222,964
194,Grant Hill,SF,37,PHO,81,81,2430,336,703,0.478,35,80,0.438,301,623,0.483,0.503,205,251,0.817,74,371,445,193,60,36,108,165,912
195,Jordan Hill,PF,22,TOT,47,0,624,99,201,0.493,0,2,0,99,199,0.497,0.493,46,68,0.676,76,99,175,20,14,21,30,92,244
195,Jordan Hill,PF,22,NYK,24,0,252,41,92,0.446,0,2,0,41,90,0.456,0.446,15,21,0.714,32,29,61,7,10,9,12,37,97
195,Jordan Hill,PF,22,HOU,23,0,372,58,109,0.532,0,0,,58,109,0.532,0.532,31,47,0.66,44,70,114,13,4,12,18,55,147
196,Kirk Hinrich,SG,29,CHI,74,53,2481,308,753,0.409,104,280,0.371,204,473,0.431,0.478,85,113,0.752,24,236,260,330,85,24,113,204,805
197,Jrue Holiday,PG,19,PHI,73,51,1767,230,520,0.442,62,159,0.39,168,361,0.465,0.502,65,86,0.756,56,135,191,280,79,18,156,153,587
198,Ryan Hollins,C,25,MIN,73,27,1223,169,303,0.558,0,1,0,169,302,0.56,0.558,109,158,0.69,79,128,207,51,19,38,95,199,447
199,Al Horford,C,23,ATL,81,81,2845,467,847,0.551,1,1,1,466,846,0.551,0.552,213,270,0.789,236,563,799,189,59,91,122,225,1148
200,Eddie House,PG-SG,31,TOT,68,0,1217,173,455,0.38,79,227,0.348,94,228,0.412,0.467,48,52,0.923,13,96,109,85,40,7,47,81,473
200,Eddie House,PG,31,BOS,50,0,846,129,322,0.401,64,167,0.383,65,155,0.419,0.5,36,40,0.9,7,62,69,48,28,7,27,61,358
200,Eddie House,SG,31,NYK,18,0,371,44,133,0.331,15,60,0.25,29,73,0.397,0.387,12,12,1,6,34,40,37,12,0,20,20,115
201,Dwight Howard,C,24,ORL,82,82,2843,510,834,0.612,0,7,0,510,827,0.617,0.612,483,816,0.592,284,798,1082,144,75,228,274,287,1503
202,Josh Howard,SF,29,TOT,35,12,918,157,388,0.405,23,86,0.267,134,302,0.444,0.434,109,139,0.784,30,95,125,48,26,11,46,91,446
202,Josh Howard,SF,29,DAL,31,9,827,137,342,0.401,20,75,0.267,117,267,0.438,0.43,94,119,0.79,26,86,112,44,23,9,43,78,388
202,Josh Howard,SF,29,WAS,4,3,91,20,46,0.435,3,11,0.273,17,35,0.486,0.467,15,20,0.75,4,9,13,4,3,2,3,13,58
203,Juwan Howard,C,36,POR,73,27,1632,191,375,0.509,0,1,0,191,374,0.511,0.509,55,70,0.786,108,227,335,61,27,10,72,191,437
204,Lester Hudson,PG,25,TOT,25,0,131,21,53,0.396,5,16,0.313,16,37,0.432,0.443,11,13,0.846,7,11,18,13,8,3,14,12,58
204,Lester Hudson,PG,25,BOS,16,0,70,7,18,0.389,3,5,0.6,4,13,0.308,0.472,5,6,0.833,3,5,8,8,3,2,9,7,22
204,Lester Hudson,PG,25,MEM,9,0,61,14,35,0.4,2,11,0.182,12,24,0.5,0.429,6,7,0.857,4,6,10,5,5,1,5,5,36
205,Larry Hughes,SG,31,TOT,45,16,1115,137,386,0.355,43,139,0.309,94,247,0.381,0.411,94,113,0.832,23,119,142,137,52,15,75,70,411
205,Larry Hughes,SG,31,NYK,31,14,820,102,279,0.366,28,97,0.289,74,182,0.407,0.416,65,79,0.823,16,94,110,109,40,11,56,53,297
205,Larry Hughes,SG,31,CHA,14,2,295,35,107,0.327,15,42,0.357,20,65,0.308,0.397,29,34,0.853,7,25,32,28,12,4,19,17,114
206,Kris Humphries,PF,24,TOT,69,0,1221,180,408,0.441,0,1,0,180,407,0.442,0.441,127,190,0.668,120,258,378,32,36,48,66,145,487
206,Kris Humphries,PF,24,DAL,25,0,315,53,115,0.461,0,0,,53,115,0.461,0.461,25,44,0.568,38,57,95,7,7,11,13,43,131
206,Kris Humphries,PF,24,NJN,44,0,906,127,293,0.433,0,1,0,127,292,0.435,0.433,102,146,0.699,82,201,283,25,29,37,53,102,356
207,Chris Hunter,C,25,GSW,60,9,783,109,217,0.502,0,4,0,109,213,0.512,0.502,52,69,0.754,56,111,167,37,13,35,30,132,270
208,Lindsey Hunter,PG,39,CHI,13,0,122,5,30,0.167,1,13,0.077,4,17,0.235,0.183,2,2,1,1,13,14,9,1,0,4,12,13
209,Othello Hunter,SF,23,ATL,7,0,33,4,12,0.333,0,0,,4,12,0.333,0.333,3,4,0.75,6,6,12,0,0,1,3,5,11
210,Steven Hunter,C,28,MEM,21,0,158,17,43,0.395,0,0,,17,43,0.395,0.395,19,36,0.528,18,24,42,0,1,10,9,10,53
211,Serge Ibaka,PF,20,OKC,73,0,1323,201,370,0.543,1,2,0.5,200,368,0.543,0.545,58,92,0.63,138,259,397,10,25,97,68,194,461
212,Andre Iguodala,SF,26,PHI,82,82,3193,496,1120,0.443,94,303,0.31,402,817,0.492,0.485,315,430,0.733,82,447,529,472,141,55,218,145,1401
213,Zydrunas Ilgauskas,C,34,CLE,64,6,1339,194,438,0.443,11,23,0.478,183,415,0.441,0.455,75,101,0.743,114,231,345,48,14,50,63,183,474
214,Didier Ilunga-Mbenga,C,29,LAL,49,2,355,48,103,0.466,0,0,,48,103,0.466,0.466,9,19,0.474,32,55,87,8,5,29,15,54,105
215,Ersan Ilyasova,PF,22,MIL,81,31,1898,323,729,0.443,81,241,0.336,242,488,0.496,0.499,113,158,0.715,157,360,517,84,53,23,71,251,840
216,Allen Iverson,SG-PG,34,TOT,28,24,865,136,316,0.43,9,25,0.36,127,291,0.436,0.445,104,131,0.794,16,63,79,113,19,2,64,48,385
216,Allen Iverson,PG,34,MEM,3,0,67,15,26,0.577,1,1,1,14,25,0.56,0.596,6,12,0.5,1,3,4,11,1,0,7,5,37
216,Allen Iverson,SG,34,PHI,25,24,798,121,290,0.417,8,24,0.333,113,266,0.425,0.431,98,119,0.824,15,60,75,102,18,2,57,43,348
217,Royal Ivey,SG,28,TOT,44,0,326,35,83,0.422,14,35,0.4,21,48,0.438,0.506,9,12,0.75,6,28,34,27,19,2,11,39,93
217,Royal Ivey,SG,28,PHI,26,0,236,26,55,0.473,12,24,0.5,14,31,0.452,0.582,6,7,0.857,5,21,26,17,10,2,5,25,70
217,Royal Ivey,SG,28,MIL,18,0,90,9,28,0.321,2,11,0.182,7,17,0.412,0.357,3,5,0.6,1,7,8,10,9,0,6,14,23
218,Jarrett Jack,PG,26,TOR,82,43,2243,323,671,0.481,82,199,0.412,241,472,0.511,0.542,203,241,0.842,30,192,222,413,60,6,163,151,931
219,Cedric Jackson,PG,23,TOT,12,0,74,6,20,0.3,1,6,0.167,5,14,0.357,0.325,7,12,0.583,2,6,8,14,3,2,11,7,20
219,Cedric Jackson,PG,23,CLE,5,0,10,0,2,0,0,1,0,0,1,0,0,1,4,0.25,0,1,1,2,0,0,1,0,1
219,Cedric Jackson,PG,23,SAS,3,0,25,2,7,0.286,0,2,0,2,5,0.4,0.286,3,4,0.75,1,3,4,6,3,2,2,2,7
219,Cedric Jackson,PG,23,WAS,4,0,39,4,11,0.364,1,3,0.333,3,8,0.375,0.409,3,4,0.75,1,2,3,6,0,0,8,5,12
220,Darnell Jackson,PF,24,TOT,28,0,123,9,30,0.3,1,4,0.25,8,26,0.308,0.317,4,6,0.667,9,13,22,4,2,4,13,21,23
220,Darnell Jackson,PF,24,CLE,27,0,114,8,25,0.32,1,3,0.333,7,22,0.318,0.34,4,6,0.667,8,12,20,4,2,4,13,19,21
220,Darnell Jackson,PF,24,MIL,1,0,9,1,5,0.2,0,1,0,1,4,0.25,0.2,0,0,,1,1,2,0,0,0,0,2,2
221,Stephen Jackson,SG-PF,31,TOT,81,81,3129,600,1418,0.423,129,393,0.328,471,1025,0.46,0.469,338,434,0.779,78,323,401,300,132,43,259,197,1667
221,Stephen Jackson,PF,31,GSW,9,9,300,56,133,0.421,11,40,0.275,45,93,0.484,0.462,26,37,0.703,6,29,35,42,14,6,26,16,149
221,Stephen Jackson,SG,31,CHA,72,72,2829,544,1285,0.423,118,353,0.334,426,932,0.457,0.469,312,397,0.786,72,294,366,258,118,37,233,181,1518
222,LeBron James,SF,25,CLE,76,76,2966,768,1528,0.503,129,387,0.333,639,1141,0.56,0.545,593,773,0.767,71,483,554,651,125,77,261,119,2258
223,Mike James,PG,34,WAS,4,0,46,6,20,0.3,2,6,0.333,4,14,0.286,0.35,4,8,0.5,1,2,3,5,3,0,5,3,18
224,Antawn Jamison,PF,33,TOT,66,64,2406,478,1036,0.461,85,247,0.344,393,789,0.498,0.502,194,300,0.647,136,419,555,84,71,21,91,179,1235
224,Antawn Jamison,PF,33,WAS,41,41,1595,315,700,0.45,58,168,0.345,257,532,0.483,0.491,152,217,0.7,99,263,362,52,43,9,61,112,840
224,Antawn Jamison,PF,33,CLE,25,23,811,163,336,0.485,27,79,0.342,136,257,0.529,0.525,42,83,0.506,37,156,193,32,28,12,30,67,395
225,Nathan Jawai,C,23,MIN,39,2,412,49,111,0.441,0,1,0,49,110,0.445,0.441,26,38,0.684,49,55,104,24,10,9,27,58,124
226,Othyus Jeffers,SG,24,UTA,14,0,73,12,29,0.414,0,0,,12,29,0.414,0.414,13,19,0.684,8,11,19,1,4,0,6,10,37
227,Al Jefferson,C,25,MIN,76,76,2463,560,1125,0.498,0,4,0,560,1121,0.5,0.498,181,266,0.68,180,523,703,137,63,98,136,205,1301
228,Richard Jefferson,SF,29,SAS,81,70,2520,362,775,0.467,59,187,0.316,303,588,0.515,0.505,211,287,0.735,58,298,356,158,45,40,105,178,994
229,Jared Jeffries,PF-SF,28,TOT,70,37,1794,138,314,0.439,21,71,0.296,117,243,0.481,0.473,75,120,0.625,130,158,288,101,62,71,76,203,372
229,Jared Jeffries,PF,28,NYK,52,37,1462,102,230,0.443,20,62,0.323,82,168,0.488,0.487,60,93,0.645,99,124,223,83,53,58,62,157,284
229,Jared Jeffries,SF,28,HOU,18,0,332,36,84,0.429,1,9,0.111,35,75,0.467,0.435,15,27,0.556,31,34,65,18,9,13,14,46,88
230,Brandon Jennings,PG,20,MIL,82,82,2671,451,1216,0.371,145,388,0.374,306,828,0.37,0.431,223,273,0.817,49,233,282,470,105,18,200,191,1270
231,Jonas Jerebko,PF,22,DET,80,73,2232,290,603,0.481,36,115,0.313,254,488,0.52,0.511,125,176,0.71,194,284,478,58,79,29,82,230,741
232,Yi Jianlian,PF,22,NJN,52,51,1655,227,563,0.403,15,41,0.366,212,522,0.406,0.417,154,193,0.798,115,257,372,47,37,52,77,170,623
233,Amir Johnson,PF,22,TOR,82,5,1453,208,334,0.623,0,4,0,208,330,0.63,0.623,95,149,0.638,154,241,395,48,44,66,63,255,511
234,Anthony Johnson,PG,35,ORL,31,0,406,49,111,0.441,13,39,0.333,36,72,0.5,0.5,19,20,0.95,8,40,48,63,11,1,26,32,130
235,James Johnson,PF,22,CHI,65,11,757,95,210,0.452,15,46,0.326,80,164,0.488,0.488,51,70,0.729,34,94,128,48,21,43,62,126,256
236,Joe Johnson,SG,28,ATL,76,76,2886,635,1386,0.458,129,350,0.369,506,1036,0.488,0.505,220,269,0.818,74,279,353,369,82,5,145,145,1619
237,Dahntay Jones,SF,29,IND,76,26,1892,287,623,0.461,4,32,0.125,283,591,0.479,0.464,198,257,0.77,48,181,229,150,40,39,129,237,776
238,Dwayne Jones,PF,26,PHO,2,0,7,0,0,,0,0,,0,0,,,0,0,,0,2,2,0,0,0,0,1,0
239,James Jones,SF,29,MIA,36,6,503,43,119,0.361,37,90,0.411,6,29,0.207,0.517,23,28,0.821,4,41,45,17,11,4,11,45,146
240,Solomon Jones,C,25,IND,52,2,675,78,176,0.443,0,3,0,78,173,0.451,0.443,51,71,0.718,51,93,144,32,14,37,40,125,207
241,DeAndre Jordan,C,21,LAC,70,12,1137,144,238,0.605,0,2,0,144,236,0.61,0.605,48,128,0.375,122,230,352,21,16,62,75,152,336
242,Chris Kaman,C,27,LAC,76,76,2608,589,1202,0.49,0,6,0,589,1196,0.492,0.49,230,307,0.749,184,520,704,120,37,94,223,213,1408
243,Jason Kapono,SF,28,PHI,57,12,976,126,301,0.419,63,171,0.368,63,130,0.485,0.523,9,15,0.6,14,52,66,39,21,6,34,80,324
244,Coby Karl,SF-SG,26,TOT,7,1,113,11,32,0.344,2,11,0.182,9,21,0.429,0.375,4,6,0.667,4,14,18,15,3,1,10,14,28
244,Coby Karl,SG,26,CLE,3,0,5,0,0,,0,0,,0,0,,,0,0,,0,2,2,0,0,0,4,0,0
244,Coby Karl,SF,26,GSW,4,1,108,11,32,0.344,2,11,0.182,9,21,0.429,0.375,4,6,0.667,4,12,16,15,3,1,6,14,28
245,Jason Kidd,PG,36,DAL,80,80,2881,284,671,0.423,176,414,0.425,108,257,0.42,0.554,80,99,0.808,48,397,445,724,145,35,195,142,824
246,Andrei Kirilenko,SF,28,UTA,58,35,1681,244,482,0.506,26,89,0.292,218,393,0.555,0.533,174,234,0.744,76,188,264,158,83,71,79,102,688
247,Kyle Korver,SG,28,UTA,52,0,952,138,280,0.493,59,110,0.536,79,170,0.465,0.598,39,49,0.796,10,101,111,89,26,12,42,76,374
248,Kosta Koufos,C,20,UTA,36,0,172,22,47,0.468,0,0,,22,47,0.468,0.468,9,15,0.6,16,29,45,6,2,4,15,26,53
249,Nenad Krstic,C,26,OKC,76,76,1741,281,560,0.502,1,5,0.2,280,555,0.505,0.503,76,106,0.717,134,249,383,52,32,45,58,177,639
250,Oliver Lafayette,SG,25,BOS,1,0,22,3,6,0.5,1,2,0.5,2,4,0.5,0.583,0,0,,1,3,4,2,0,0,1,0,7
251,Carl Landry,PF,26,TOT,80,29,2469,499,931,0.536,1,3,0.333,498,928,0.537,0.537,344,427,0.806,188,280,468,66,55,63,136,234,1343
251,Carl Landry,PF,26,HOU,52,1,1415,302,552,0.547,0,0,,302,552,0.547,0.547,235,280,0.839,122,164,286,40,28,46,86,146,839
251,Carl Landry,PF,26,SAC,28,28,1054,197,379,0.52,1,3,0.333,196,376,0.521,0.521,109,147,0.741,66,116,182,26,27,17,50,88,504
252,Marcus Landry,SF,24,TOT,18,0,111,16,43,0.372,9,28,0.321,7,15,0.467,0.477,3,5,0.6,5,14,19,0,1,2,6,14,44
252,Marcus Landry,SF,24,NYK,17,0,108,16,41,0.39,9,26,0.346,7,15,0.467,0.5,3,5,0.6,5,14,19,0,1,2,6,14,44
252,Marcus Landry,SF,24,BOS,1,0,3,0,2,0,0,2,0,0,0,,0,0,0,,0,0,0,0,0,0,0,0,0
253,Acie Law,PG,25,TOT,26,1,234,35,75,0.467,5,16,0.313,30,59,0.508,0.5,38,49,0.776,3,14,17,26,11,1,17,16,113
253,Acie Law,PG,25,GSW,5,0,66,9,14,0.643,1,3,0.333,8,11,0.727,0.679,12,15,0.8,0,2,2,7,6,0,2,5,31
253,Acie Law,PG,25,CHA,9,0,33,5,16,0.313,0,1,0,5,15,0.333,0.313,6,7,0.857,0,1,1,3,1,1,3,3,16
253,Acie Law,PG,25,CHI,12,1,135,21,45,0.467,4,12,0.333,17,33,0.515,0.511,20,27,0.741,3,11,14,16,4,0,12,8,66
254,Ty Lawson,PG,22,DEN,65,8,1318,201,390,0.515,34,83,0.41,167,307,0.544,0.559,106,140,0.757,42,82,124,203,48,2,82,89,542
255,Courtney Lee,SG,24,NJN,71,66,2375,338,775,0.436,76,225,0.338,262,550,0.476,0.485,133,153,0.869,60,192,252,121,93,20,76,130,885
256,David Lee,C,26,NYK,81,81,3019,686,1258,0.545,0,8,0,686,1250,0.549,0.545,268,330,0.812,228,721,949,295,85,40,189,257,1640
257,Rashard Lewis,PF,30,ORL,72,72,2369,350,805,0.435,168,423,0.397,182,382,0.476,0.539,145,180,0.806,62,256,318,107,78,28,108,180,1013
258,Shaun Livingston,PG,24,TOT,36,18,796,104,201,0.517,0,6,0,104,195,0.533,0.517,42,48,0.875,16,62,78,130,17,11,58,61,250
258,Shaun Livingston,PG,24,OKC,10,0,130,5,16,0.313,0,2,0,5,14,0.357,0.313,0,0,,4,16,20,14,5,2,8,9,10
258,Shaun Livingston,PG,24,WAS,26,18,666,99,185,0.535,0,4,0,99,181,0.547,0.535,42,48,0.875,12,46,58,116,12,9,50,52,240
259,Brook Lopez,C,21,NJN,82,82,3027,563,1129,0.499,0,2,0,563,1127,0.5,0.499,416,509,0.817,270,439,709,187,55,139,204,251,1542
260,Robin Lopez,C,21,PHO,51,31,986,171,291,0.588,0,0,,171,291,0.588,0.588,88,125,0.704,104,144,248,7,10,53,41,117,430
261,Kevin Love,PF,21,MIN,60,22,1714,291,646,0.45,35,106,0.33,256,540,0.474,0.478,225,276,0.815,227,431,658,136,43,23,117,136,842
262,Kyle Lowry,PG,23,HOU,68,0,1651,184,464,0.397,37,136,0.272,147,328,0.448,0.436,215,260,0.827,91,156,247,305,60,9,116,173,620
263,Corey Maggette,PF,30,GSW,70,49,2081,457,886,0.516,13,50,0.26,444,836,0.531,0.523,460,551,0.835,92,281,373,172,51,4,168,231,1387
264,Jamaal Magloire,C,31,MIA,36,0,359,28,56,0.5,0,0,,28,56,0.5,0.5,21,59,0.356,41,80,121,1,9,11,17,59,77
265,Ian Mahinmi,C,23,SAS,26,0,165,35,55,0.636,0,0,,35,55,0.636,0.636,31,47,0.66,13,39,52,2,3,8,15,32,101
266,Shawn Marion,SF,31,DAL,75,75,2385,395,778,0.508,3,19,0.158,392,759,0.516,0.51,105,139,0.755,158,319,477,107,69,61,99,141,898
267,Sean Marks,C,34,NOH,14,0,75,4,8,0.5,0,0,,4,8,0.5,0.5,2,5,0.4,14,9,23,2,0,3,2,17,10
268,Cartier Martin,SF,25,TOT,18,2,390,50,136,0.368,17,49,0.347,33,87,0.379,0.43,24,30,0.8,25,43,68,16,11,1,19,48,141
268,Cartier Martin,SF,25,GSW,10,2,276,32,88,0.364,10,31,0.323,22,57,0.386,0.42,16,21,0.762,17,30,47,9,8,0,13,36,90
268,Cartier Martin,SF,25,WAS,8,0,114,18,48,0.375,7,18,0.389,11,30,0.367,0.448,8,9,0.889,8,13,21,7,3,1,6,12,51
269,Kenyon Martin,PF,32,DEN,58,58,1986,283,620,0.456,8,29,0.276,275,591,0.465,0.463,93,167,0.557,142,404,546,109,72,61,91,186,667
270,Kevin Martin,SG,26,TOT,46,43,1633,289,693,0.417,70,210,0.333,219,483,0.453,0.468,298,340,0.876,29,135,164,111,46,6,92,96,946
270,Kevin Martin,SG,26,SAC,22,21,774,135,339,0.398,39,110,0.355,96,229,0.419,0.456,127,155,0.819,20,74,94,57,23,4,35,51,436
270,Kevin Martin,SG,26,HOU,24,22,859,154,354,0.435,31,100,0.31,123,254,0.484,0.479,171,185,0.924,9,61,70,54,23,2,57,45,510
271,Desmond Mason,SF,32,SAC,5,4,66,5,12,0.417,0,0,,5,12,0.417,0.417,3,4,0.75,4,9,13,2,1,1,4,5,13
272,Roger Mason,SG,29,SAS,79,5,1515,193,496,0.389,88,264,0.333,105,232,0.453,0.478,27,34,0.794,11,151,162,137,30,14,59,99,501
273,Wesley Matthews,SG,23,UTA,82,48,2025,273,565,0.483,63,165,0.382,210,400,0.525,0.539,160,193,0.829,50,141,191,124,64,15,93,152,769
274,Jason Maxiell,C,26,DET,76,29,1550,212,415,0.511,0,1,0,212,414,0.512,0.511,89,155,0.574,161,240,401,39,36,38,68,175,513
275,Sean May,C,25,SAC,37,4,331,51,111,0.459,0,4,0,51,107,0.477,0.459,21,32,0.656,20,50,70,17,12,7,19,46,123
276,Eric Maynor,PG,22,TOT,81,2,1269,154,368,0.418,22,71,0.31,132,297,0.444,0.448,52,72,0.722,21,108,129,266,40,10,85,115,382
276,Eric Maynor,PG,22,UTA,26,2,363,52,133,0.391,5,24,0.208,47,109,0.431,0.41,25,33,0.758,10,28,38,81,13,2,28,33,134
276,Eric Maynor,PG,22,OKC,55,0,906,102,235,0.434,17,47,0.362,85,188,0.452,0.47,27,39,0.692,11,80,91,185,27,8,57,82,248
277,O.J. Mayo,SG,22,MEM,82,82,3113,542,1183,0.458,136,355,0.383,406,828,0.49,0.516,212,262,0.809,61,250,311,242,98,17,176,174,1432
278,Luc Mbah a Moute,PF,23,MIL,73,62,1866,177,369,0.48,6,17,0.353,171,352,0.486,0.488,93,133,0.699,171,229,400,81,60,39,70,181,453
279,Antonio McDyess,PF,35,SAS,77,50,1617,205,428,0.479,0,2,0,205,426,0.481,0.479,36,57,0.632,149,306,455,83,43,32,79,147,446
280,JaVale McGee,C,22,WAS,60,19,968,156,307,0.508,0,1,0,156,306,0.51,0.508,74,116,0.638,88,155,243,14,16,101,51,122,386
281,Tracy McGrady,SG,30,TOT,30,24,673,91,235,0.387,16,64,0.25,75,171,0.439,0.421,47,63,0.746,22,72,94,99,15,14,44,40,245
281,Tracy McGrady,SG,30,HOU,6,0,46,7,19,0.368,1,2,0.5,6,17,0.353,0.395,4,6,0.667,0,5,5,6,0,2,1,2,19
281,Tracy McGrady,SG,30,NYK,24,24,627,84,216,0.389,15,62,0.242,69,154,0.448,0.424,43,57,0.754,22,67,89,93,15,12,43,38,226
282,Dominic McGuire,SF,24,TOT,51,2,307,19,52,0.365,0,0,,19,52,0.365,0.365,0,7,0,23,56,79,11,5,4,17,35,38
282,Dominic McGuire,SF,24,WAS,41,0,240,15,40,0.375,0,0,,15,40,0.375,0.375,0,5,0,17,44,61,8,4,3,10,32,30
282,Dominic McGuire,SF,24,SAC,10,2,67,4,12,0.333,0,0,,4,12,0.333,0.333,0,2,0,6,12,18,3,1,1,7,3,8
283,Josh McRoberts,C,22,IND,42,3,524,76,146,0.521,8,23,0.348,68,123,0.553,0.548,19,38,0.5,40,87,127,44,17,16,19,74,179
284,Jodie Meeks,SG,22,TOT,60,0,719,104,268,0.388,42,132,0.318,62,136,0.456,0.466,31,39,0.795,9,90,99,39,18,5,25,52,281
284,Jodie Meeks,SG,22,MIL,41,0,486,64,177,0.362,23,82,0.28,41,95,0.432,0.427,18,21,0.857,5,67,72,22,13,4,20,33,169
284,Jodie Meeks,SG,22,PHI,19,0,233,40,91,0.44,19,50,0.38,21,41,0.512,0.544,13,18,0.722,4,23,27,17,5,1,5,19,112
285,Pops Mensah-Bonsu,PF,26,TOT,20,0,120,13,33,0.394,0,0,,13,33,0.394,0.394,13,24,0.542,16,19,35,3,4,9,10,20,39
285,Pops Mensah-Bonsu,PF,26,HOU,4,0,13,1,4,0.25,0,0,,1,4,0.25,0.25,3,6,0.5,1,3,4,1,1,1,0,3,5
285,Pops Mensah-Bonsu,PF,26,TOR,16,0,107,12,29,0.414,0,0,,12,29,0.414,0.414,10,18,0.556,15,16,31,2,3,8,10,17,34
286,C.J. Miles,SF,22,UTA,63,28,1497,241,562,0.429,74,217,0.341,167,345,0.484,0.495,66,95,0.695,42,126,168,105,58,17,81,190,622
287,Darko Milicic,C,24,TOT,32,18,685,100,204,0.49,0,1,0,100,203,0.493,0.49,15,28,0.536,47,104,151,47,22,34,35,82,215
287,Darko Milicic,C,24,NYK,8,0,71,8,17,0.471,0,0,,8,17,0.471,0.471,0,0,,5,13,18,4,4,1,2,7,16
287,Darko Milicic,C,24,MIN,24,18,614,92,187,0.492,0,1,0,92,186,0.495,0.492,15,28,0.536,42,91,133,43,18,33,33,75,199
288,Andre Miller,PG,33,POR,82,66,2500,404,908,0.445,16,80,0.2,388,828,0.469,0.454,322,392,0.821,81,185,266,445,93,9,173,169,1146
289,Brad Miller,C,33,CHI,82,37,1950,250,581,0.43,37,132,0.28,213,449,0.474,0.462,182,220,0.827,83,316,399,154,44,29,107,189,719
290,Mike Miller,SG,29,WAS,54,50,1805,217,433,0.501,82,171,0.48,135,262,0.515,0.596,70,85,0.824,55,281,336,212,39,12,115,131,586
291,Patrick Mills,PG,21,POR,10,0,38,10,24,0.417,2,4,0.5,8,20,0.4,0.458,4,7,0.571,1,1,2,5,0,0,4,6,26
292,Paul Millsap,PF,24,UTA,82,8,2277,385,716,0.538,1,9,0.111,384,707,0.543,0.538,183,264,0.693,186,373,559,131,64,99,116,285,954
293,Nazr Mohammed,C,32,CHA,58,29,984,189,342,0.553,0,0,,189,342,0.553,0.553,81,125,0.648,114,190,304,28,15,43,53,105,459
294,Jamario Moon,SF,29,CLE,61,2,1052,114,247,0.462,32,100,0.32,82,147,0.558,0.526,36,45,0.8,26,165,191,49,34,30,23,69,296
295,Mikki Moore,C,34,GSW,23,20,406,54,90,0.6,0,0,,54,90,0.6,0.6,7,11,0.636,26,43,69,36,5,13,21,60,115
296,Randolph Morris,PF,24,ATL,28,0,124,23,41,0.561,0,0,,23,41,0.561,0.561,16,27,0.593,10,28,38,2,5,3,12,34,62
297,Adam Morrison,SF,25,LAL,31,0,241,32,85,0.376,5,21,0.238,27,64,0.422,0.406,5,8,0.625,10,22,32,18,3,2,10,17,74
298,Anthony Morrow,SF,24,GSW,69,37,2018,329,703,0.468,140,307,0.456,189,396,0.477,0.568,101,114,0.886,61,198,259,104,65,16,84,158,899
299,Byron Mullens,PF,20,OKC,13,0,54,7,19,0.368,0,0,,7,19,0.368,0.368,0,0,,3,7,10,1,2,0,4,13,14
300,Troy Murphy,PF,29,IND,72,69,2344,384,813,0.472,128,333,0.384,256,480,0.533,0.551,154,193,0.798,129,608,737,150,72,34,100,175,1050
301,Ronald Murray,SG,30,TOT,75,2,1673,268,683,0.392,69,221,0.312,199,462,0.431,0.443,141,194,0.727,28,155,183,135,46,16,91,126,746
301,Ronald Murray,SG,30,CHA,46,1,993,160,411,0.389,41,131,0.313,119,280,0.425,0.439,93,131,0.71,15,83,98,84,28,12,65,77,454
301,Ronald Murray,SG,30,CHI,29,1,680,108,272,0.397,28,90,0.311,80,182,0.44,0.449,48,63,0.762,13,72,85,51,18,4,26,49,292
302,Eduardo Najera,PF,33,TOT,46,5,685,62,146,0.425,19,64,0.297,43,82,0.524,0.49,14,24,0.583,34,81,115,29,26,14,25,94,157
302,Eduardo Najera,PF,33,NJN,13,2,204,20,53,0.377,3,17,0.176,17,36,0.472,0.406,6,12,0.5,12,26,38,15,9,2,12,33,49
302,Eduardo Najera,PF,33,DAL,33,3,481,42,93,0.452,16,47,0.34,26,46,0.565,0.538,8,12,0.667,22,55,77,14,17,12,13,61,108
303,Steve Nash,PG,35,PHO,81,81,2660,499,985,0.507,124,291,0.426,375,694,0.54,0.57,211,225,0.938,34,234,268,892,42,12,295,108,1333
304,Jameer Nelson,PG,27,ORL,65,64,1860,317,706,0.449,86,226,0.381,231,480,0.481,0.51,98,116,0.845,26,168,194,353,48,2,139,147,818
305,Rasho Nesterovic,C,33,TOR,42,8,413,81,149,0.544,0,0,,81,149,0.544,0.544,1,5,0.2,37,52,89,25,10,17,16,54,163
306,Joakim Noah,C,24,CHI,64,54,1925,262,520,0.504,0,0,,262,520,0.504,0.504,163,219,0.744,220,484,704,132,32,100,117,198,687
307,Andres Nocioni,SF,30,SAC,75,28,1477,234,587,0.399,96,249,0.386,138,338,0.408,0.48,71,99,0.717,32,190,222,75,32,26,67,160,635
308,Steve Novak,SF,26,LAC,54,0,362,42,108,0.389,22,71,0.31,20,37,0.541,0.491,7,9,0.778,1,32,33,6,7,2,2,21,113
309,Dirk Nowitzki,PF,31,DAL,81,80,3039,720,1496,0.481,51,121,0.421,669,1375,0.487,0.498,536,586,0.915,80,540,620,218,70,79,149,208,2027
310,Patrick O'Bryant,C,23,TOR,11,0,51,8,15,0.533,0,1,0,8,14,0.571,0.533,3,6,0.5,2,9,11,1,2,4,5,12,19
311,Jermaine O'Neal,C,31,MIA,70,70,1991,394,745,0.529,0,2,0,394,743,0.53,0.529,162,225,0.72,124,362,486,92,25,95,125,212,950
312,Shaquille O'Neal,C,37,CLE,53,53,1240,262,463,0.566,0,1,0,262,462,0.567,0.566,112,226,0.496,93,262,355,80,15,62,105,169,636
313,Fabricio Oberto,C,34,WAS,57,20,650,35,56,0.625,0,0,,35,56,0.625,0.625,13,17,0.765,34,71,105,51,11,9,36,121,83
314,Greg Oden,C,22,POR,21,21,502,92,152,0.605,0,0,,92,152,0.605,0.605,49,64,0.766,64,114,178,19,8,48,39,84,233
315,Lamar Odom,PF,30,LAL,82,38,2585,342,739,0.463,58,182,0.319,284,557,0.51,0.502,140,202,0.693,184,618,802,267,75,59,150,227,882
316,Emeka Okafor,C,27,NOH,82,82,2370,348,656,0.53,0,0,,348,656,0.53,0.53,154,274,0.562,251,491,742,55,54,127,111,218,850
317,Mehmet Okur,C,30,UTA,73,73,2149,355,775,0.458,82,213,0.385,273,562,0.486,0.511,196,239,0.82,132,383,515,119,38,81,127,223,988
318,Kevin Ollie,PG,37,OKC,25,0,263,18,45,0.4,0,1,0,18,44,0.409,0.4,8,8,1,3,22,25,20,9,0,6,16,44
319,Travis Outlaw,SF,25,TOT,34,6,730,110,281,0.391,40,105,0.381,70,176,0.398,0.463,49,59,0.831,33,88,121,34,18,17,32,43,309
319,Travis Outlaw,SF,25,POR,11,0,231,38,101,0.376,12,31,0.387,26,70,0.371,0.436,21,24,0.875,13,25,38,8,7,8,12,13,109
319,Travis Outlaw,SF,25,LAC,23,6,499,72,180,0.4,28,74,0.378,44,106,0.415,0.478,28,35,0.8,20,63,83,26,11,9,20,30,200
320,Zaza Pachulia,C,25,ATL,78,1,1089,120,246,0.488,0,4,0,120,242,0.496,0.488,93,143,0.65,117,176,293,42,37,31,58,186,333
321,Jannero Pargo,PG,30,CHI,63,5,829,132,381,0.346,38,138,0.275,94,243,0.387,0.396,42,45,0.933,9,69,78,89,29,2,50,68,344
322,Anthony Parker,SG,34,CLE,81,81,2289,206,475,0.434,108,261,0.414,98,214,0.458,0.547,75,95,0.789,30,201,231,157,63,18,71,151,595
323,Tony Parker,PG,27,SAS,56,50,1728,349,716,0.487,10,34,0.294,339,682,0.497,0.494,186,246,0.756,7,128,135,317,29,8,149,96,894
324,Chris Paul,PG,24,NOH,45,45,1712,314,637,0.493,52,127,0.409,262,510,0.514,0.534,161,190,0.847,20,171,191,480,96,8,112,118,841
325,Sasha Pavlovic,SF,26,MIN,71,0,877,109,300,0.363,35,118,0.297,74,182,0.407,0.422,10,26,0.385,12,105,117,58,23,6,53,84,263
326,Oleksiy Pecherov,C,24,MIN,44,5,447,77,188,0.41,14,52,0.269,63,136,0.463,0.447,29,32,0.906,32,92,124,11,9,14,32,55,197
327,Kendrick Perkins,C,25,BOS,78,78,2154,314,522,0.602,0,3,0,314,519,0.605,0.602,163,280,0.582,155,440,595,80,26,132,165,219,791
328,Morris Peterson,SG,32,NOH,46,39,973,116,301,0.385,62,171,0.363,54,130,0.415,0.488,33,54,0.611,17,109,126,41,25,5,27,81,327
329,Johan Petro,C,24,DEN,36,16,436,54,101,0.535,0,1,0,54,100,0.54,0.535,14,21,0.667,32,97,129,14,10,13,23,80,122
330,Paul Pierce,SF,32,BOS,71,71,2411,409,867,0.472,109,263,0.414,300,604,0.497,0.535,369,433,0.852,39,271,310,218,84,31,166,196,1296
331,Mickael Pietrus,SF,27,ORL,75,24,1687,233,539,0.432,116,306,0.379,117,233,0.502,0.54,69,109,0.633,39,176,215,49,53,31,69,138,651
332,James Posey,SF,33,NOH,77,2,1731,126,345,0.365,81,242,0.335,45,103,0.437,0.483,66,80,0.825,32,297,329,117,42,19,51,204,399
333,Leon Powe,SF,26,CLE,20,2,236,21,49,0.429,0,0,,21,49,0.429,0.429,37,63,0.587,19,42,61,0,6,2,11,36,79
334,Josh Powell,PF,27,LAL,63,0,581,71,194,0.366,7,16,0.438,64,178,0.36,0.384,20,31,0.645,44,72,116,35,9,6,33,71,169
335,A.J. Price,PG,23,IND,56,2,865,145,354,0.41,60,174,0.345,85,180,0.472,0.494,60,75,0.8,12,76,88,106,35,3,59,53,410
336,Ronnie Price,PG,26,UTA,60,4,806,98,242,0.405,18,63,0.286,80,179,0.447,0.442,41,59,0.695,28,46,74,123,40,13,56,109,255
337,Tayshaun Prince,SF,29,DET,49,49,1664,282,580,0.486,27,73,0.37,255,507,0.503,0.509,70,98,0.714,71,177,248,161,34,22,60,77,661
338,Joel Przybilla,C,30,POR,30,9,681,45,86,0.523,0,0,,45,86,0.523,0.523,33,51,0.647,72,166,238,8,8,43,39,95,123
339,Chris Quinn,PG,26,NJN,25,0,223,20,56,0.357,10,32,0.313,10,24,0.417,0.446,6,6,1,1,15,16,29,9,1,10,15,56
340,Vladimir Radmanovic,PF,29,TOT,41,20,891,103,273,0.377,30,108,0.278,73,165,0.442,0.432,20,27,0.741,51,127,178,45,29,7,44,97,256
340,Vladimir Radmanovic,PF,29,CHA,8,0,133,14,42,0.333,7,22,0.318,7,20,0.35,0.417,4,6,0.667,8,21,29,7,3,1,5,18,39
340,Vladimir Radmanovic,PF,29,GSW,33,20,758,89,231,0.385,23,86,0.267,66,145,0.455,0.435,16,21,0.762,43,106,149,38,26,6,39,79,217
341,Anthony Randolph,C,20,GSW,33,8,749,137,309,0.443,1,5,0.2,136,304,0.447,0.445,109,136,0.801,73,142,215,42,28,51,49,92,384
342,Shavlik Randolph,PF,26,TOT,6,0,53,6,18,0.333,0,0,,6,18,0.333,0.333,2,2,1,7,7,14,1,1,1,3,9,14
342,Shavlik Randolph,PF,26,MIA,3,0,47,5,15,0.333,0,0,,5,15,0.333,0.333,0,0,,7,6,13,0,1,1,2,9,10
342,Shavlik Randolph,PF,26,POR,3,0,6,1,3,0.333,0,0,,1,3,0.333,0.333,2,2,1,0,1,1,1,0,0,1,0,4
343,Zach Randolph,PF,28,MEM,81,81,3051,652,1336,0.488,15,52,0.288,637,1284,0.496,0.494,362,465,0.778,330,620,950,149,80,34,174,226,1681
344,Theo Ratliff,C,36,TOT,49,29,807,70,152,0.461,0,0,,70,152,0.461,0.461,38,50,0.76,59,98,157,25,12,61,41,87,178
344,Theo Ratliff,C,36,SAS,21,3,183,16,36,0.444,0,0,,16,36,0.444,0.444,2,4,0.5,15,25,40,9,3,18,16,27,34
344,Theo Ratliff,C,36,CHA,28,26,624,54,116,0.466,0,0,,54,116,0.466,0.466,36,46,0.783,44,73,117,16,9,43,25,60,144
345,Michael Redd,SG,30,MIL,18,12,492,75,213,0.352,18,60,0.3,57,153,0.373,0.394,47,66,0.712,11,43,54,39,19,2,15,24,215
346,J.J. Redick,SG,25,ORL,82,9,1808,243,553,0.439,111,274,0.405,132,279,0.473,0.54,191,222,0.86,17,138,155,158,28,4,63,118,788
347,Chris Richard,PF,25,CHI,18,0,224,15,29,0.517,0,0,,15,29,0.517,0.517,7,11,0.636,19,40,59,7,8,4,14,50,37
348,Jason Richardson,SG,29,PHO,79,76,2485,473,998,0.474,157,400,0.393,316,598,0.528,0.553,136,184,0.739,81,323,404,143,66,33,92,169,1239
349,Quentin Richardson,SF,29,MIA,76,75,2082,242,561,0.431,142,358,0.397,100,203,0.493,0.558,52,71,0.732,64,310,374,93,70,18,62,169,678
350,Luke Ridnour,PG,28,MIL,82,0,1759,328,686,0.478,69,181,0.381,259,505,0.513,0.528,127,140,0.907,24,119,143,324,54,7,106,182,852
351,Nate Robinson,PG,25,TOT,56,2,1115,215,493,0.436,87,223,0.39,128,270,0.474,0.524,50,67,0.746,28,82,110,163,49,5,73,116,567
351,Nate Robinson,PG,25,NYK,30,2,733,152,336,0.452,51,136,0.375,101,200,0.505,0.528,42,54,0.778,23,49,72,112,27,5,53,66,397
351,Nate Robinson,PG,25,BOS,26,0,382,63,157,0.401,36,87,0.414,27,70,0.386,0.516,8,13,0.615,5,33,38,51,22,0,20,50,170
352,Sergio Rodriguez,PG,23,TOT,66,8,1048,167,351,0.476,32,91,0.352,135,260,0.519,0.521,68,93,0.731,24,65,89,212,50,5,114,84,434
352,Sergio Rodriguez,PG,23,SAC,39,0,517,88,190,0.463,15,42,0.357,73,148,0.493,0.503,43,62,0.694,15,35,50,121,29,3,59,46,234
352,Sergio Rodriguez,PG,23,NYK,27,8,531,79,161,0.491,17,49,0.347,62,112,0.554,0.543,25,31,0.806,9,30,39,91,21,2,55,38,200
353,Rajon Rondo,PG,23,BOS,81,81,2963,459,904,0.508,17,80,0.213,442,824,0.536,0.517,175,282,0.621,100,260,360,794,189,11,246,198,1110
354,Derrick Rose,PG,21,CHI,78,78,2871,672,1373,0.489,16,60,0.267,656,1313,0.5,0.495,259,338,0.766,65,228,293,469,57,27,217,96,1619
355,Quinton Ross,SF-SG,28,TOT,52,7,562,40,111,0.36,4,21,0.19,36,90,0.4,0.378,8,14,0.571,17,32,49,12,13,6,11,69,92
355,Quinton Ross,SF,28,DAL,27,7,301,23,56,0.411,3,13,0.231,20,43,0.465,0.438,5,8,0.625,11,16,27,7,7,4,3,34,54
355,Quinton Ross,SG,28,WAS,25,0,261,17,55,0.309,1,8,0.125,16,47,0.34,0.318,3,6,0.5,6,16,22,5,6,2,8,35,38
356,Brandon Roy,SG,25,POR,65,65,2419,491,1038,0.473,73,221,0.33,418,817,0.512,0.508,343,440,0.78,73,212,285,305,61,16,129,136,1398
357,Brandon Rush,SG,24,IND,82,64,2491,297,702,0.423,124,302,0.411,173,400,0.433,0.511,56,89,0.629,41,305,346,112,56,65,93,159,774
358,Kareem Rush,SG,29,LAC,7,0,58,4,11,0.364,1,3,0.333,3,8,0.375,0.409,0,0,,1,5,6,4,2,3,3,8,9
359,John Salmons,SG,30,TOT,81,56,2824,437,991,0.441,118,309,0.382,319,682,0.468,0.501,253,305,0.83,35,235,270,223,99,26,123,166,1245
359,John Salmons,SG,30,CHI,51,28,1695,230,548,0.42,73,192,0.38,157,356,0.441,0.486,116,147,0.789,18,156,174,125,65,22,70,101,649
359,John Salmons,SG,30,MIL,30,28,1129,207,443,0.467,45,117,0.385,162,326,0.497,0.518,137,158,0.867,17,79,96,98,34,4,53,65,596
360,Brian Scalabrine,PF,31,BOS,52,3,472,29,85,0.341,16,49,0.327,13,36,0.361,0.435,4,6,0.667,9,39,48,27,9,4,17,59,78
361,Luis Scola,PF,29,HOU,82,82,2671,560,1090,0.514,1,5,0.2,559,1085,0.515,0.514,208,267,0.779,175,530,705,169,63,26,163,246,1329
362,Thabo Sefolosha,SG,25,OKC,82,82,2348,194,441,0.44,41,131,0.313,153,310,0.494,0.486,60,89,0.674,76,311,387,145,97,46,90,154,489
363,Ramon Sessions,PG,23,MIN,82,1,1732,253,555,0.456,1,15,0.067,252,540,0.467,0.457,167,233,0.717,58,156,214,258,55,5,137,137,674
364,Bobby Simmons,PF,29,NJN,23,2,395,42,117,0.359,20,63,0.317,22,54,0.407,0.444,18,20,0.9,11,52,63,15,15,3,19,52,122
365,James Singleton,PF-SF,28,TOT,57,3,977,97,254,0.382,7,37,0.189,90,217,0.415,0.396,53,62,0.855,108,168,276,31,28,43,49,113,254
365,James Singleton,SF,28,DAL,25,0,211,24,64,0.375,5,22,0.227,19,42,0.452,0.414,6,6,1,17,38,55,9,11,7,12,31,59
365,James Singleton,PF,28,WAS,32,3,766,73,190,0.384,2,15,0.133,71,175,0.406,0.389,47,56,0.839,91,130,221,22,17,36,37,82,195
366,Brian Skinner,PF,33,LAC,16,1,123,10,25,0.4,0,0,,10,25,0.4,0.4,6,8,0.75,9,18,27,0,3,4,7,20,26
367,Craig Smith,PF,26,LAC,75,2,1232,226,397,0.569,1,5,0.2,225,392,0.574,0.571,132,208,0.635,97,190,287,84,33,25,88,194,585
368,J.R. Smith,SG,24,DEN,75,0,2082,428,1033,0.414,158,467,0.338,270,566,0.477,0.491,142,201,0.706,28,206,234,183,99,20,139,174,1156
369,Jason Smith,PF,23,PHI,56,2,658,75,174,0.431,10,29,0.345,65,145,0.448,0.46,29,42,0.69,54,81,135,33,21,28,35,110,189
370,Joe Smith,PF,34,ATL,64,1,592,77,193,0.399,1,7,0.143,76,186,0.409,0.402,39,48,0.813,66,91,157,21,6,19,22,95,194
371,Josh Smith,PF,24,ATL,81,81,2871,504,999,0.505,0,7,0,504,992,0.508,0.505,261,422,0.618,223,482,705,342,130,172,198,240,1269
372,Darius Songaila,C,31,NOH,75,1,1410,241,488,0.494,1,6,0.167,240,482,0.498,0.495,60,74,0.811,59,173,232,70,62,14,81,206,543
373,Marreese Speights,C,22,PHI,62,1,1016,212,444,0.477,0,5,0,212,439,0.483,0.477,108,145,0.745,85,167,252,36,29,34,51,152,532
374,Jerry Stackhouse,SG,35,MIL,42,0,855,129,316,0.408,45,130,0.346,84,186,0.452,0.479,55,69,0.797,19,81,100,70,21,9,66,56,358
375,DeShawn Stevenson,SG,28,TOT,64,18,883,46,163,0.282,19,87,0.218,27,76,0.355,0.34,25,35,0.714,11,80,91,56,16,6,30,74,136
375,DeShawn Stevenson,SG,28,WAS,40,13,616,29,103,0.282,11,62,0.177,18,41,0.439,0.335,18,25,0.72,7,58,65,44,11,5,24,51,87
375,DeShawn Stevenson,SG,28,DAL,24,5,267,17,60,0.283,8,25,0.32,9,35,0.257,0.35,7,10,0.7,4,22,26,12,5,1,6,23,49
376,Peja Stojakovic,SF,32,NOH,62,55,1947,278,688,0.404,132,352,0.375,146,336,0.435,0.5,96,107,0.897,39,188,227,92,48,5,56,83,784
377,Amar'e Stoudemire,PF,27,PHO,82,82,2838,704,1264,0.557,1,6,0.167,703,1258,0.559,0.557,487,632,0.771,230,502,732,82,52,83,213,281,1896
378,Rodney Stuckey,PG,23,DET,73,67,2499,449,1109,0.405,18,79,0.228,431,1030,0.418,0.413,299,359,0.833,67,214,281,348,101,12,163,205,1215
379,DaJuan Summers,SF,22,DET,44,0,405,46,130,0.354,15,42,0.357,31,88,0.352,0.412,27,38,0.711,14,31,45,16,8,7,16,52,134
380,Jermaine Taylor,SG,23,HOU,31,4,303,45,119,0.378,5,22,0.227,40,97,0.412,0.399,33,46,0.717,21,25,46,16,10,3,19,15,128
381,Jeff Teague,PG,21,ATL,71,3,719,90,227,0.396,7,32,0.219,83,195,0.426,0.412,41,49,0.837,5,62,67,122,34,11,50,82,228
382,Sebastian Telfair,PG,24,TOT,43,1,659,83,201,0.413,13,56,0.232,70,145,0.483,0.445,29,37,0.784,5,40,45,126,24,5,50,71,208
382,Sebastian Telfair,PG,24,LAC,39,1,582,67,166,0.404,11,47,0.234,56,119,0.471,0.437,24,31,0.774,5,36,41,114,22,5,44,65,169
382,Sebastian Telfair,PG,24,CLE,4,0,77,16,35,0.457,2,9,0.222,14,26,0.538,0.486,5,6,0.833,0,4,4,12,2,0,6,6,39
383,Garrett Temple,SG,23,TOT,27,4,334,44,101,0.436,13,37,0.351,31,64,0.484,0.5,35,50,0.7,6,25,31,21,13,6,27,42,136
383,Garrett Temple,SG,23,HOU,9,0,118,13,29,0.448,3,12,0.25,10,17,0.588,0.5,16,24,0.667,2,12,14,7,4,4,14,16,45
383,Garrett Temple,SG,23,SAC,5,0,23,3,8,0.375,0,2,0,3,6,0.5,0.375,5,5,1,1,2,3,2,1,0,2,1,11
383,Garrett Temple,SG,23,SAS,13,4,193,28,64,0.438,10,23,0.435,18,41,0.439,0.516,14,21,0.667,3,11,14,12,8,2,11,25,80
384,Jason Terry,SG,32,DAL,77,12,2540,456,1041,0.438,136,373,0.365,320,668,0.479,0.503,232,268,0.866,19,121,140,292,94,17,109,142,1280
385,Hasheem Thabeet,C,22,MEM,68,13,883,77,131,0.588,0,0,,77,131,0.588,0.588,54,93,0.581,85,158,243,11,15,89,43,162,208
386,Etan Thomas,C,31,OKC,23,1,321,31,68,0.456,0,0,,31,68,0.456,0.456,13,22,0.591,18,46,64,1,4,16,18,39,75
387,Kenny Thomas,PF,32,SAC,26,2,313,17,35,0.486,0,0,,17,35,0.486,0.486,7,12,0.583,35,51,86,15,10,10,17,42,41
388,Kurt Thomas,C,37,MIL,70,9,1049,99,208,0.476,0,0,,99,208,0.476,0.476,12,15,0.8,84,207,291,47,26,46,48,159,210
389,Tim Thomas,SF,32,DAL,18,1,285,49,106,0.462,16,43,0.372,33,63,0.524,0.538,21,24,0.875,13,28,41,14,10,2,14,31,135
390,Tyrus Thomas,PF-C,23,TOT,54,3,1220,194,420,0.462,0,3,0,194,417,0.465,0.462,120,175,0.686,81,254,335,56,63,85,92,129,508
390,Tyrus Thomas,PF,23,CHI,29,3,678,99,205,0.483,0,1,0,99,204,0.485,0.483,58,90,0.644,42,141,183,33,40,48,52,64,256
390,Tyrus Thomas,C,23,CHA,25,0,542,95,215,0.442,0,2,0,95,213,0.446,0.442,62,85,0.729,39,113,152,23,23,37,40,65,252
391,Jason Thompson,C,23,SAC,75,58,2357,370,784,0.472,1,10,0.1,369,774,0.477,0.473,198,277,0.715,224,413,637,124,41,73,139,279,939
392,Al Thornton,SF,26,TOT,75,46,2079,320,676,0.473,11,31,0.355,309,645,0.479,0.482,153,211,0.725,116,178,294,90,45,35,102,206,804
392,Al Thornton,SF,26,LAC,51,30,1405,220,460,0.478,5,14,0.357,215,446,0.482,0.484,103,139,0.741,85,107,192,61,25,22,66,144,548
392,Al Thornton,SF,26,WAS,24,16,674,100,216,0.463,6,17,0.353,94,199,0.472,0.477,50,72,0.694,31,71,102,29,20,13,36,62,256
393,Marcus Thornton,SG,22,NOH,73,17,1872,398,883,0.451,117,313,0.374,281,570,0.493,0.517,144,177,0.814,72,139,211,114,58,11,76,127,1057
394,Jamaal Tinsley,PG,31,MEM,38,1,589,52,140,0.371,7,39,0.179,45,101,0.446,0.396,22,27,0.815,11,55,66,108,33,5,63,67,133
395,Anthony Tolliver,PF,24,TOT,46,29,1427,193,449,0.43,50,152,0.329,143,297,0.481,0.486,103,134,0.769,84,236,320,87,32,33,46,128,539
395,Anthony Tolliver,PF,24,POR,2,0,4,0,1,0,0,1,0,0,0,,0,0,0,,0,1,1,0,0,0,0,1,0
395,Anthony Tolliver,PF,24,GSW,44,29,1423,193,448,0.431,50,151,0.331,143,297,0.481,0.487,103,134,0.769,84,235,319,87,32,33,46,127,539
396,Alando Tucker,SF,25,TOT,15,0,96,17,39,0.436,1,7,0.143,16,32,0.5,0.449,16,21,0.762,6,4,10,4,0,0,5,6,51
396,Alando Tucker,SF,25,PHO,11,0,71,13,30,0.433,1,7,0.143,12,23,0.522,0.45,16,21,0.762,5,2,7,3,0,0,4,5,43
396,Alando Tucker,SF,25,MIN,4,0,25,4,9,0.444,0,0,,4,9,0.444,0.444,0,0,,1,2,3,1,0,0,1,1,8
397,Ronny Turiaf,C,27,GSW,42,20,872,85,146,0.582,0,1,0,85,145,0.586,0.582,37,78,0.474,54,137,191,90,23,54,49,98,207
398,Hedo Turkoglu,SF,30,TOR,74,69,2272,276,674,0.409,108,289,0.374,168,385,0.436,0.49,175,226,0.774,42,301,343,304,55,32,125,220,835
399,Ime Udoka,SG,32,SAC,69,2,944,91,241,0.378,26,91,0.286,65,150,0.433,0.432,42,57,0.737,51,140,191,58,34,6,42,83,250
400,Beno Udrih,PG,27,SAC,79,41,2477,415,841,0.493,75,199,0.377,340,642,0.53,0.538,118,141,0.837,38,181,219,372,89,10,136,166,1023
401,Roko Ukic,PG,25,MIL,13,0,97,14,30,0.467,3,12,0.25,11,18,0.611,0.517,9,11,0.818,0,3,3,12,1,0,6,6,40
402,Anderson Varejao,PF,27,CLE,76,7,2166,267,467,0.572,1,5,0.2,266,462,0.576,0.573,116,175,0.663,189,389,578,87,71,67,67,223,651
403,Charlie Villanueva,PF,25,DET,78,16,1848,363,827,0.439,99,282,0.351,264,545,0.484,0.499,106,130,0.815,85,280,365,53,48,55,74,223,931
404,Sasha Vujacic,SG,25,LAL,67,1,575,66,164,0.402,25,81,0.309,41,83,0.494,0.479,28,33,0.848,25,54,79,41,20,4,17,67,185
405,Dwyane Wade,SG,28,MIA,77,77,2792,719,1511,0.476,73,243,0.3,646,1268,0.509,0.5,534,702,0.761,107,266,373,501,142,82,252,181,2045
406,Bill Walker,SG-SF,22,TOT,35,13,768,120,232,0.517,50,116,0.431,70,116,0.603,0.625,39,49,0.796,15,73,88,40,23,3,28,83,329
406,Bill Walker,SF,22,BOS,8,0,29,3,6,0.5,0,0,,3,6,0.5,0.5,2,2,1,0,5,5,3,0,0,2,4,8
406,Bill Walker,SG,22,NYK,27,13,739,117,226,0.518,50,116,0.431,67,110,0.609,0.628,37,47,0.787,15,68,83,37,23,3,26,79,321
407,Ben Wallace,C,35,DET,69,67,1975,158,292,0.541,0,2,0,158,290,0.545,0.541,65,160,0.406,245,352,597,105,86,84,64,131,381
408,Gerald Wallace,SF,27,CHA,76,76,3119,456,943,0.484,52,140,0.371,404,803,0.503,0.511,422,544,0.776,150,612,762,161,117,83,178,194,1386
409,Rasheed Wallace,C,35,BOS,79,13,1780,266,650,0.409,82,290,0.283,184,360,0.511,0.472,96,125,0.768,42,283,325,80,80,70,63,222,710
410,Luke Walton,SF,29,LAL,29,0,272,30,84,0.357,7,17,0.412,23,67,0.343,0.399,2,4,0.5,12,26,38,40,10,1,12,19,69
411,Hakim Warrick,PF,27,TOT,76,6,1557,265,550,0.482,1,7,0.143,264,543,0.486,0.483,202,274,0.737,127,187,314,52,24,18,80,126,733
411,Hakim Warrick,PF,27,MIL,48,6,1024,182,378,0.481,1,6,0.167,181,372,0.487,0.483,125,172,0.727,87,125,212,35,17,10,57,83,490
411,Hakim Warrick,PF,27,CHI,28,0,533,83,172,0.483,0,1,0,83,171,0.485,0.483,77,102,0.755,40,62,102,17,7,8,23,43,243
412,C.J. Watson,PG,25,GSW,65,15,1788,247,528,0.468,45,145,0.31,202,383,0.527,0.51,128,166,0.771,28,141,169,180,103,8,69,124,667
413,Earl Watson,PG,30,IND,79,52,2322,223,524,0.426,53,184,0.288,170,340,0.5,0.476,120,169,0.71,54,186,240,399,104,16,175,181,619
414,Kyle Weaver,SG,23,OKC,12,0,144,12,33,0.364,7,19,0.368,5,14,0.357,0.47,5,6,0.833,1,17,18,11,6,6,4,13,36
415,Martell Webster,SF,23,POR,82,49,2005,259,639,0.405,124,332,0.373,135,307,0.44,0.502,126,155,0.813,47,221,268,62,45,40,60,153,768
416,Sonny Weems,SG,23,TOR,69,19,1368,236,458,0.515,2,15,0.133,234,443,0.528,0.517,44,64,0.688,42,150,192,101,39,25,65,126,518
417,David West,PF,29,NOH,81,81,2949,619,1226,0.505,7,27,0.259,612,1199,0.51,0.508,296,342,0.865,164,441,605,239,76,60,173,233,1541
418,Delonte West,SG,26,CLE,60,3,1500,194,436,0.445,25,77,0.325,169,359,0.471,0.474,115,142,0.81,29,140,169,196,55,28,90,86,528
419,Mario West,SG,25,ATL,39,1,142,12,21,0.571,0,1,0,12,20,0.6,0.571,6,10,0.6,8,19,27,9,8,0,7,25,30
420,Russell Westbrook,PG,21,OKC,82,82,2813,485,1160,0.418,23,104,0.221,462,1056,0.438,0.428,329,422,0.78,143,258,401,652,108,34,268,204,1322
421,D.J. White,PF,23,OKC,12,0,102,25,41,0.61,0,0,,25,41,0.61,0.61,9,10,0.9,10,13,23,4,5,3,3,12,59
422,Chris Wilcox,PF,27,DET,34,10,441,63,120,0.525,0,0,,63,120,0.525,0.525,26,52,0.5,44,73,117,13,13,12,38,64,152
423,Damien Wilkins,SF,30,MIN,80,31,1585,165,381,0.433,18,61,0.295,147,320,0.459,0.457,103,129,0.798,72,177,249,135,66,25,76,144,451
424,Mike Wilks,PG,30,OKC,4,0,59,6,12,0.5,2,3,0.667,4,9,0.444,0.583,2,4,0.5,1,3,4,4,0,0,4,5,16
425,Deron Williams,PG,25,UTA,76,76,2802,494,1053,0.469,96,259,0.371,398,794,0.501,0.515,335,418,0.801,50,253,303,798,96,16,252,208,1419
426,Jason Williams,PG,34,ORL,82,18,1703,189,426,0.444,84,221,0.38,105,205,0.512,0.542,31,41,0.756,7,119,126,298,53,3,87,65,493
427,Jawad Williams,PG,26,CLE,54,6,742,81,206,0.393,30,93,0.323,51,113,0.451,0.466,32,45,0.711,16,67,83,34,12,5,18,73,224
428,Louis Williams,PG,23,PHI,64,38,1912,318,677,0.47,70,206,0.34,248,471,0.527,0.521,192,233,0.824,25,162,187,268,80,15,106,110,898
429,Marcus Williams,PG,24,MEM,62,1,872,104,271,0.384,24,81,0.296,80,190,0.421,0.428,37,55,0.673,13,80,93,161,32,1,74,43,269
430,Marvin Williams,SF,23,ATL,81,81,2468,302,664,0.455,40,132,0.303,262,532,0.492,0.485,176,215,0.819,106,310,416,93,66,46,72,160,820
431,Mo Williams,PG,27,CLE,69,68,2359,378,855,0.442,159,371,0.429,219,484,0.452,0.535,177,198,0.894,28,178,206,368,70,21,173,170,1092
432,Reggie Williams,PF,23,GSW,24,10,782,140,283,0.495,33,92,0.359,107,191,0.56,0.553,52,62,0.839,18,92,110,66,23,6,29,49,365
433,Sean Williams,PF,23,NJN,20,0,227,21,49,0.429,0,1,0,21,48,0.438,0.429,10,19,0.526,21,25,46,1,8,19,20,41,52
434,Shelden Williams,PF,26,BOS,54,0,597,63,121,0.521,0,1,0,63,120,0.525,0.521,75,98,0.765,47,99,146,21,13,21,30,85,201
435,Terrence Williams,SF,22,NJN,78,9,1764,261,651,0.401,31,100,0.31,230,551,0.417,0.425,103,144,0.715,46,302,348,223,43,10,124,126,656
436,Metta World Peace,SF,30,LAL,77,77,2605,306,740,0.414,105,296,0.355,201,444,0.453,0.484,128,186,0.688,99,232,331,234,106,21,121,165,845
437,Antoine Wright,SF,25,TOR,67,10,1392,162,399,0.406,58,173,0.335,104,226,0.46,0.479,53,77,0.688,38,152,190,71,30,11,58,134,435
438,Dorell Wright,SF,24,MIA,72,1,1496,194,419,0.463,61,157,0.389,133,262,0.508,0.536,61,69,0.884,50,185,235,91,52,32,53,94,510
439,Julian Wright,SF,22,NOH,68,14,871,116,232,0.5,2,6,0.333,114,226,0.504,0.504,25,41,0.61,58,86,144,41,29,18,44,45,259
440,Nick Young,SG,24,WAS,74,23,1421,233,558,0.418,69,170,0.406,164,388,0.423,0.479,104,130,0.8,20,82,102,48,28,8,56,147,639
441,Sam Young,SF,24,MEM,80,1,1321,224,497,0.451,11,56,0.196,213,441,0.483,0.462,136,175,0.777,77,124,201,52,34,20,94,106,595
442,Thaddeus Young,PF,21,PHI,67,45,2145,382,813,0.47,48,138,0.348,334,675,0.495,0.499,114,165,0.691,130,220,350,97,81,15,126,133,926
